ID,comment,predicted_sentiment
7500,အဆုံးသတ်ကြီးကမမိုက်ဘူးကွာ💔,negative
7501,မှာလို့ရှာလိုက်ထူးဆန်းတာတွေတွေ့လိမ့်မယ်😮😮😮,neutral
7503,ယောက်ကားတွေမကောင်းဘူး😅,neutral
7504,ကိုယ်တွေဦးလေးလဲရှမ်းပြည်ကစော်လေးနဲ့ကြိုက်တာဘဲ ဒါပေမဲ့မညားဘူး😅,positive
7506,တောင်းကြိးမာ သွာလုပ်တာ ဒီဘဲကွာ😒,neutral
7507,တီးလုံးနောက်ခံ အသံ အကုန်ကျွတ်ဆင်ကြီး အကုန်အပြစ်မရှိ။,neutral
7508,မြေပြန့်သားကတောင်ပေါ်ထိပါတက်ပလေးသွားတာ😢,negative
7509,ကြီးကလဲကွာ😐,neutral
7510,လီးပဲ,neutral
7511,ကိုစောက်ရမ်းကြွေ,positive
7513,အရမ်းကြိုက်တယ်ဗျာ😊,positive
7514,ဒီသီချင်းလေးကို ကိုကိုဝေယံမြင့်လွင်နားထောင်နေရင်ငယ်မျှော်နေသေးတယ်ပြန်လာခဲ့ပါလို့ပြောချင်ပါတယ်,negative
7515,🌸ပန်းလိုပဲလှတယ်ဗျာ,positive
7516,ကလေး၂ယောက်အမေတဲ့လားကွာ,negative
7517,အသံကသေချာနားထောင်ကြည့်ရင် မန်းလေးက ဇာတ်မင်းသားဝင်းနောင်အသံနဲ့လည်းတူတယ် အခုမှ သတိထားမိတယ် မယုံရင်နားထောင်ကြည့်တကယ် တထေရာတည်း,negative
7519,နောက်တစ်ယောက်နဲ့အိမ်နောင်ကြသွားတာလား,negative
7520,စော်လေးကိုချစ်တယ်,positive
7521,ကိုရီးအဲလို မိန်းကလေးတယောက်နက်ဖက်တော့ ကိုရီးမိန်းမက မဆူဘူးလား😂🎉🎉🎉,neutral
7522,ချယ်ရိမာ အနံ့မှမရှိတာ😅,neutral
7524,သီချင်းလေးကအရမ်းကောင်းတာပဲ😊,positive
7525,စာသားအရမ်မိုက်🔥🔥😈😈,positive
7526,ဒီသီချင်းကိုဆိုချင်လွန်းလို့စာရွက်မှာရေးပြီးကျက်ရတဲ့ငါ့ဘဝ😄,negative
7529,ကြီးကွာ ရင်စက်လိုက်တာ,negative
7530,ကလေ ရှမ်းမလေးနဲ့ရသွားတာလားဗမာမလေးနဲ့ရသွားတာလား😑🤌,neutral
7531,ဒီဘဲ မှော်ဝင်နေပြီဟ,neutral
7532,ကျရင်ပြန်လာကြည့်မယ်,neutral
7533,ဇာတ်ကားတွေတင်မကဘူး သီချင်းထဲမှာတောင် မောင်တွေက မကောင်းဘူး တောင်ပေါ်ထိသွားပြီး အသဲသွားခွဲတာ 😢,negative
7534,ကချယ်၇ီ,positive
7535,မင်းသမီးက အိမ်ထောင်မကျသေးတယ်သူတွေရိုက်ပါဗျာခံစားလို့မရဘူး မင်းသမီးချောပေမဲ့ အိမ်ထောင်သည်ဆိုရင် ဘယ်လိုမှခံစားလို့မရဘူး သီချင်းလဲ,positive
7536,ကြီးကမကောင်းဘူး စုတ်ပြတ်နေတာဘဲ,neutral
7538,မြေပြန့်သားတွေကတောင်ပေါ်ထိတက် တာဒီဟာပဲကြည့်တော့😂,neutral
7539,မွာ ဖြင့္လု႔ိ နားေထာင္ရင္း ႀကိဳက္သြားတာ,neutral
7540,အပြင်မှာ တောင်ကြီးသူတွေကပလေးတာရက်စက်တယ်,negative
7541,သီချင်းလေး နားထောင်ပီး သဘောကျနေတာ ကြည့်ပီး ဝမ်းနည်း 😢,positive
7542,ရှမ်းမလေးကြည့်ရင်းသီးချင်းမကြားလိုက်လို့ပြန်နားထောင်လိုက်ရတယ် 😂😂😂,positive
7543,ပါဗျာ။ လုံးဝအကောင်းဆုံး သရုပ်ဆောင်မှုနဲ့ ရှုခင်းတွေ။ သီချင်းအဓိပ္ပာယ်ကိုပိုပေါ်လွင်တယ်။ မင်းသမီးကလည်း အလိုက်ဆုံးပါပဲ။ နောက်ဆုံးနာရီကြည့်တဲ့အခန်းကတော့။ ဝမ်းနည်းစရာကြီးဗျာ😢 တိုက်ဆိုင်မှုလေးတွေသတိရမိတယ်😢😢😢😢,negative
7544,နေ့တိုင်းနားထောင်ဖြစ်တယ်😊,positive
7545,👩👨,positive
7546,မှာတောင်ခေတ်စားနေတယ်😄😄😄သီချင်,positive
7547,သူကားပြတ်တာ ရှမ်းမလေးတစ်ယောက်ရသွားတယ်,negative
7548,ကြည့်ပြီးပြုံး 🤍,positive
7549,ရက်စက်တယ်မြေပြန့်သားရယ်,negative
7550,ချာလီချက်ပလင် ဟ😁,positive
7552,ဟင် ကဘာလည်း🥲 ဟင်တွေဟာတွေဖြစ်ကုန်ပြီ,neutral
7553,တောင်ပေါ်သူကို ပလေးသွားတာ 😏😏😏,positive
7555,အရမ်းကြိုက် ညတိုင်းနားခေါင်,positive
7559,၈၂၁မိနစ်,neutral
7560,ကားပြတ်တုန်း ချယ်ရီအသဲ၀င်ခွဲသွားတာလား😅,positive
7561,ချယ်ပန်းမဟုတ်ဘူး တက်ခွပန်း😂,negative
7562,မဆီမဆိုင်ဘာလို့ပြုံးနေမိ😆,neutral
7563,ချယ်ရီကအနံ့မရှိပါဘုး,neutral
7564,အညာ ပုံစံ စတိုင်လေး တစ်ပုဒ်လောက်,positive
7565,သိချင်းစာသား၊ တေးဂီတရော လေးရော ကြိုက်ပါတယ်,positive
7566,သီချင်းလေးကကောင်းတယ်ဒါမဲ့ကိုယ်နဲ့စသူများဆုံးသွားတာ😢😢😢,negative
7567,တောင်ပေါ်မှာ ဖွေးဖွေးနဲ့အမှတ်တရတွေကွာ သတိရလိုက်တာ,negative
7568,လေးအရမ်းလှတယ် မြန်မာ့ဝတ်စံုေလးေတွဆင်ထားတာ တော်လေးသဘောကျတယ်,positive
7569,မြတ်သရုပ်ဆောင်တာ ကွက်တိ,positive
7570,တောင်ပေါ်မှာဖွေးဖွေးနဲ့အမှတ်တရတွေကဘာလည်းဗျ ဟောဆရာကြီး ဟော ဗျာာာ😅,neutral
7572,က မှာသီချင်းတင်ချင်တာရှာမတွေ့ဘူး,neutral
7573,ဒီသီချင်းလေးကို ကြိုက်တယ်နော် တို့နမည်လဲ အမေငယ်ငယ်ထဲကပေးထားတာ ချယ်ရီသင်း တဲ့,positive
7574,မြေပြန့်သားတွေပလေးရင်တောင်ပေါ်သူတွေမျက်ရည်နဲ့မျက်ခွက်,positive
7575,မြတ်ရတနာကျော်က လှလိုက်တာ,positive
7576,မြေပြန့်သားတွေတောင်ပေါ်ထိ တယ်နော်,neutral
7577,အပြင်မှာ တောင်ပေါ်သားတွေက တယ်,neutral
7578,အသံအေးအေးလေးနဲ့နားထောင်လို့ကောင်းမြတ်ရတနာကျော်ကအရမ်းချောကွက်တိသီချင်းနဲ့,positive
7582,ခများဗျာ ကောင်မလေးကို လိုးပြီးထားခဲ့တယ်ပေါ့😂😂,positive
7583,မင်းသမီး အရွေးတော်တော့ ပိုအသက်၀င်သွားတယ်,negative
7584,ချယ်ရီနဲ့အရမ်းတွေပြီးနောက်ဆုံးမှာစံပါယ်ကြီးနဲ့ပေါင်းသွားတာ စံပါယ်ကပိုမွှေးသွားလို့လားအစ်ကို,negative
7585,ပြောပါအုံးမယ် ဘယ်ချယ်ရီပန်းကမွေးတာလည်း စောက်သလွှဲစာသား,neutral
7587,အစအဆုံးနားထောင်လိုက်တော့ ကိုယ်အဖြစ်နဲ့ကခပ်ဆင်ဆင်ရယ် ရုတ်တရက်အဆက်အသွယ်တွေပျက်ခဲ့ကြတာ ၂နှစ်တောင်ကျော်ပြီ သူရောဒီသီချင်းလေးနားထောင်ရင်းကိုယ့်အကြောင်းများတွေးနေမလား အောင်ပန်းရောက်တိုင်စုံစမ်းပေမယ့်မတွေ့ပါဘူး ရှိတဲ့နေရာမှာ ဘေးမသီရန်မခပဲ လိုချင်တဲ့ဘဝမျိုးပိုင်ဆိုင်နိုင်ပါစေချစ်သောရေ,negative
7588,တစ်ကယ်ကြိုက်တယ်😭💕,positive
7589,🌚,positive
7590,မညားဘူးလားဟ,neutral
7591,မှာအရည်အချင်းအရှိဆုံးဂြိုလ်သား,neutral
7592,ကော်ဖီနံသင်းသင်းလေး ။ ၊🍮တောင်ပေါ်လမ်းလေး🌄။ချယ်ရီပန်းလေး🌸 မြို့ပြမှာရှားပါး။💙အားလုံးကအရမ်းမိုက်တယ်ဗျ🎉,positive
7593,နောက်ပိုင်းကိုနားမလည်လိုက်ဘူး😥ချယ်ရီကဘယ်ရောက်သွားတာလဲ,neutral
7594,ကောင်မလေးဆီမပြန်ဖြစ်တော့တာလား သနားစရာလေးကိုလေ မြို့ကိုအပါခေါ်ခဲ့လို့ရောမရဘူးလားကွယ် ညားလိုက်ရင်ပြီးရော😢,negative
7595,ဘာလို့ နောက်တစ်ယောက် နဲ့ယူရတာတုန်း,neutral
7596,ထွက်သမျှ သီချင်းတိုင်းပေါက်🎉,positive
7598,အရမ်းမိုက်တယ်ဗျ,positive
7600,နားထောင်လို့မဝပု😊လေးနဲ့ပိုမိုက်သွားတာ😊,positive
7601,👍🔥,positive
7602,1,neutral
7603,အကိုရယ်စောင့်နေရတာသနားပါတယ်😢,negative
7604,ကုန်ခါနီးမှာ ချယ်ရီတွေပွင့်ပီ၊ချယ်ရီလေးတွေနဲ့ထပ်ရိုက်ရင်ပိုကောင်း🌺🌺🌺🌺🌺,positive
7605,ချယ်ရီပန်းက ပိတောက်ပန်းလို မမွှေးပျံပင်မဲ့လို့ အလှချင်းပြိုင်ရင်တော့ နိုင်နိုင်ပါတယ်။🌸,neutral
7606,တစ်ခါလောက်ဖြစ်ဖြစ်ရှိုးပွဲကြီးဘူးချင်တယ် ရဲ😢😢,negative
7607,🥰😭,positive
7609,တောင်ပေါ်သားတွေပလေးတယ်,positive
7610,ငယ်ငယ်ကတည်းကကြိုက်ခဲ့တဲ့ သီချင်းလေး,positive
7611,သီချင်းတိုင်းကြိုက်နေမိတယ်😭💞,positive
7613,ဝင်မန့်အုံးမှ🎉😂,positive
7614,အရမ်းလှတော့ ပန်းလေးပါလာဗျ🌸,positive
7615,ကျန်တာတွေနားလည်တယ်တောင်ပေါ်မှာဖွေးဖွေးနဲ့ဘာတွေလုပ်ခဲ့ကျတာလဲ,negative
7616,ရှမ်းမလေးကိုကြွေဘိ😇😇,positive
7617,သူမရဲ့အလှဟာလည်းချယ်ရီပန်းလေးများလိုပဲ ရင်အေးတယ်,positive
7618,အကြောင်းလေးရှင်းပြပါ,neutral
7619,မာထွက်တဲ့သချင်းတွေ အကုန်ကြိုက်တယ် ဘဲကြီးရေ နေ့တိုင်းလဲနားထောင်ဖစ်တယ်ဗျာ🎉,positive
7620,စောက်ပေါ ချယ်ရီပန်းက မွေးတယ် တဲ့လား အနံတော်မရှိတာကိုကွာ,positive
7621,ဒီဘဲကြီးသီချင်းတေက အကုန်မိုက်တယ် 😅😅😅😅,positive
7622,က မှာ မမြတ်ကိုသူသွားယူလိုက်မယ်တဲ့,neutral
7623,ကတော့ ပါပဲဗျာ,neutral
7624,နောက်တစ်ယောက်နဲ့ ညားသွားတာလားဟ ဘယ်လိုကြီးတုန်း မကောင်းဘူး ဒီ ရော ကြီးရော စုတ်ပြတ်နေတာပဲ ရင်ထဲ😅,neutral
7625,ဗျာ ခဗျားဒစ်မရှိဘူး စော်လေးသနားပါတယ်😢😢,negative
7628,နောက်တစ်ခါ လွတ်လွတ်ကျွတ်ကျွတ် တွေပဲ ခေါ်ရိုက်ပေးပါ,positive
7629,နာရီပေးလို့ထားသွားတာ🌚,positive
7630,လိုးပြီးပြေးလိုးပြေး,neutral
7632,💐🌷💙,positive
7633,🎊,positive
7634,ဖိနပ်ကအသက် ရေ😅,positive
7636,သီချင်းလေးက ချိုပေမဲ့🤍 ကြီးကတော့ ငိုရတယ်🥺,positive
7637,အေးမြတဲ့လေဆောင်းတွင်းနွေမေ့မရတဲ့ အခြေအနေအကြောင်းတွေးနေတောင်ပေါ်မှာ ဖူးပွင့်တဲ့ အမှတ်တရတွေ နံ့သင်းသင်းလေး တမ်းတနေစတွေ့တဲ့အခိုက်မှာ သူ့ပုံစံလေးစကားလေးလည်းဝဲ အပြစ်ကင်းစင်သေးခိုးခိုးပြီးအကြည့်မှာ တဖြည်းဖြည်းချင်းညှိပါပန်းလေးများတောင် မင်းကိုဉီးညွန့်ပေး ဆွတ်ခူးဖို့ရွယ် တကယ်ပင်လှမ်းပွင့်ဖူးခဲ့တယ် ချယ်ရီပန်း ပိုင်ရဖို့ကို ဘယ်ဆီမှန်းပျောက်ဆုံးခဲ့တယ် ကိုယ်တစ်ခြမ်းမြူနှင်းလေးများရဲ့အထဲဒီပန်းလေးလှနေတယ်ဘာပန်းလည်း မေးချည်ရဲ့ချယ်ရီပန်းလို့ ပြောတာပဲသူ့နားတိုးကပ်တာနဲ့ရှက်ပါးလေးများဟာရဲသူမရဲ့ အလှဟာလည်းချယ်ရီပန်းလေးများလိုပဲမွေးတယ်ချယ်ရီပန်းလေးကမွေးတောင်ပေါ်လမ်းလေးက ရွေးချယ်ခဲ့မြေပြန့်သားလေးရဲ့အချစ်ကိုပြန်လည်ပြီးတော့ မငြင်းဆိုနဲ့နှုတ်ဆက်လို့ထွက်ခွာ မွေးရပ်မြို့ဆီလမ်းခွဲခြင်းများဟာ ငါ့အတွက်ရိုးအီတစ်ချိန်ချိန်မှာ ပြန်ဆုံနိုင်ဖို့ရွယ်ချယ်ရီတွေ မကြွေအောင်ဆုတောင်းတယ်မင်းရှိတဲ့အရပ်ကို တွေးမှတ်လို့ရယ်နွေးထွေးတဲ့အချစ်တွေ အမြဲတမ်းပို့မယ်သေရာပါ နင်လေပွင့်ဖူးကွယ်မချူနိုင်ပါ ကိုယ်လေ ကျေနပ်တယ် မတွေ့ဖြစ်တာ နှစ် လ ကြာမင်းငါ့ကို မေ့သွားမှာတွေးပြီးရင်မော စိုးထိတ်နေသောကိုယ့်ရဲ့အတွေးများစွာမြို့ပြမှာ ရှားပါးတာငြိမ်းချမ််းတဲ့အချစ်များပါမောပန်းစွာနဲ့ နိုးထလာခဲ့ဆောင်းအိပ်မက်များမြူနှင်းလေးများရဲ့အထဲဒီပန်းလေး လှနေတယ်ဘာပန်းလဲ မေးချည်ရဲ့ချယ်ရီပန်းလို့ ပြောတာပဲသူ့နားတိုးကပ်တာနဲ့ရှက်ပါးလေးများဟာရဲသူမရဲ့အလှဟာလည်းချယ်ရီပန်းလေးများလိုပဲမွေးတယ်ချယ်ရီပန်းလေးကမွေးတောင်ပေါ်လမ်းလေးက ရွေးချယ်ခဲ့မြေပြန့်သားလေးရဲ့ အချစ်ကိုပြန်လည်ပြီးတော့ မငြင်းဆိုနဲ့ဒီမြို့လေးရဲ့အဝေးကိုယ်ဟာ လွမ်းခြင်းတေးကဗျာဖွဲ့ချယ်ရီပန်းလေးနဲ့ မင်းရင်ခုန်ခြင်းများ ဖြစ်လာခဲ့,negative
7638,ကလေး အမေလို့ တောင် မထင်ရဘူးဗျာ။ ချစ်စရာကောင်းချက် ပဲ။,positive
7639,မြို့ပြမှာရှားပါးတာ ငြိမ်းချမ်းတဲ့အချစ်များပါ,negative
7641,🏼,neutral
7642,တောင်ပေါ်မှာ ဖွေးဖွေး နဲ့ငြိခဲ့သေးတာလား😂,neutral
7646,ပြည့်သွားပြီ 🎉,positive
7647,တောင်ပေါ်သူဖြစ်တာတောင်ဝမ်းနည်းမိသွား,negative
7648,ဗမာကောဟုတ်ရဲ့လား,neutral
7650,🎉🎉 🤩,positive
7651,ရှမ်းမတေပလေးတယ်😢,negative
7653,အိုင်ဒေါထွက်လ်ုက်ရင်တကယ်အလန်တွေကြည်ြပဲ ဘယ်ကြောင့်မှန်းမသိထပ်ခါခါပြန်ကြာ်ြမိနေတယ် ပုံစံတွေကလာ်းမရိုးရဖးး ဒီလောက်ဆိုဖန်တွေပေါ်တန်ဖိုးထားတာသိသာဒယ်,negative
7654,ကြမ်းချက်တောင်ပေါ်အထိ အသည်းတက်ခွဲတာ ရှမ်းမလေးအတွက် မျက်ရည်နှစ်စက်ဒီသီချင်းနဲ့ကောင်မလေးကိုကြူးမိရင် အဲ့ကောင်တော့သေပြီ😂,positive
7655,တကယ်ချောတယ် ခုနကတွေ့လိုက်တယ် တကယ်တကယ်,positive
7658,ကျတော်လဲဗျာ လိုသီချင်းကိုယ်တိုင်ရေးကိုယ်တိုင်ဆိုတတ်ချင်တယ်ဗျာ က်ု လုပ်ပေးပါလားဗျာ ကျတော်လဲအဆိုတော်တစ်ယောက်ဖြစ်ချင်လို့ဗျာ😢,negative
7659,အရမ်းကောင်းတယ် အကိုရေ,positive
7660,ရှေးအငွေ့သက်လေး ခံစားနေရပီဆိုမှ ဖိနပ်ကြီး မြင်လိုက်ရတော့ လစ်ကော🥹,positive
7661,တောင်ပေါ်သူက 💔,negative
7662,မြေပြင်သားလေးကတောင်ပေါ်သူလေးကို ပလေးသွားတဲ့ ကြီးကငိုတောင်ငိုချင်တယ်ကွာ,negative
7663,ငါတို့နယ်မြို့လေးအဝေးနေတော့ပိုသတိရတယ်😢,negative
7664,အားလုံးကောင်းတေ ရီးက စိတ်ပျက်စရာလေး,positive
7665,မမမြတ်ကိုဘာလို့ထားခဲ့တာလဲဘဲကီး😅,negative
7666,🥰 ပြည့်သွားပီ ဘဲကြီးရေ,neutral
7667,ကြီးနဲ့ ရက်စက်လိုက်တာ ဘဲရီးရာ,negative
7668,၅ရက်ကို ပြည့်ရင်ကောင်းမယ်🎉🎉🎉,positive
7669,ဆိုတော့အဆုံးမှာ ဇာတ်သိမ်းလှတာလားမလှတာလား,neutral
7670,ဘာလဲသူက၂ယောက်တောင်လား😮,neutral
7671,စကားလေးလဲ အပစ်ကင်းစင်သေးဆိုပြီးချယ်ရီလေးကို ပလေးသွားတာမကျေနပ်ဘူး😢,negative
7673,ဘာလို့ ရက်စက်ခဲ့တာလဲ သနားပါတယ်😢,negative
7675,ဒီက ချင်းတောင်တန်း သီချင်းများ ဆိုနေမလားလို့လေ🥹,neutral
7676,သီချင်းမှာ ရှမ်းမလေး ပါရင် မြတ်ရတနာကျော်နဲ့သာရိုက် လုံး၀ ဘဲ💚,neutral
7677,အဲ့တာဆို က ပေါ့ဗျာစော်လေးတွေကို အဲ့လို မကစားသင့်ပါဘူး,neutral
7678,ကျေနပ်ပါတယ် ကိုဂျေရေ 🎉,positive
7679,ကြီးကရုပ်ရှင်မင်းသားဦးဝင်းဦးနဲ့တူတယ်😅😊,neutral
7680,တောင်ပေါ်သူလေးတစ်ယောက်တော့လိုချင်မိတယ်ဘဲကြီးရေ🤘🏻,positive
7681,ဘာပန်းလဲမေးချင်ရဲ့ ရွှေပန်းလို့ပြောတာပဲ😁😁😁,neutral
7682,ချစ်သူမမက ချယ်ရီမဟုတ်ပေမဲ့ တောင်ပေါ်သူလေးမို့ အရမ်းကြိုက် ကိုဂျေရေ ညတိုင်းနားထောင်ဖစ်တယ်,positive
7683,အဲအမကြီးနဲ့ရိုက်တဲ့ တိုင်းတကယ်ပေါက်တာကြီးပဲ,positive
7685,အဲကြောင့်ကို ကိုကြိုက်တာ,positive
7686,လွန်ခဲ့တဲ့ရက်ကမန့်ထားတဲ့မန့်ကိုဖျက်ပီးအသစ်ပြန်လာမန့်တာစာသားကဘယ်မှာလဲလို့စာသားကိုမန့်ထိပ်ဆုံးမှာပီးသီချင်းစာသားကိုတော့ရေးပေးထားသင့်ပါတယ် အခုတင်ထားတာရက်ဖဲရှိသေးတာကိုကရသွားပီမို့လို့လေနောက်မကြာခင်ဆိုရင်တွေကိုရှယ်ချီပီးဒီသီချင်းကရမှာကျိန်းကိုသေတယ်ဒီသီချင်းကအနည်းဆုံးဆိုရင်ကျော်လောက်ရတယ်ကနေတို့တို့လောက်တော့ဒီသီချင်းကရမှာသေချာပေါက်လောင်းရဲတယ်🎉,negative
7687,ဒီလို မျိုးဆို မမြတ်က နော်🎉,neutral
7688,သီခ်င္းကေကာင္းတယ္,positive
7689,မလွဘူး ျပင္တာ,neutral
7690,ရှင့်ကတော့ ပိုင်ရှင်ရှိသွားပြီပေါ့ ချယ်ရီကိုကော ဘယ်သူနဲ့ပေးပေါင်းမှာလဲ ပြော,neutral
7691,အရမ်းကြိုက် ရဲ့အသံနဲ့လုံးဝကိုတောင်ကြီးရောက်သွားတဲ့နော်🌸🌸🌸ညီမလေးမြတ်ကလည်းအရမ်းလှ😍 ချယ်ရီ🎉ဘယ်နှစ်ကြော့မှန်းမသိပြန်ကြည့်😅,positive
7693,ရှမ်းမက မြင်းမထိကနေ ကလောထိကို ရှမ်းသုပ်သွားစားပစ်တာ,negative
7694,ယောင်္ကျားေတွကြောက်ဖုတ်ကောင်းလိုက်တာရှင် သူ့မြို့လေးမှာသူနေပြီးပလေးခံလိုက်ရတယ်။,positive
7695,🕺😍 💔,positive
7697,အစကတော့သီချင်းလေးရောသရုပ်ဆောင်လေးရောသဘောကျလို့သွားကြီးကိုဖြီးလို့ကျမှ ဖြီးနေတဲ့သွားပါပြန်စိသွားတယ် မျက်လုံးထဲပါပိုးကောင်ဝင်သွားသလိုပဲ,neutral
7699,ကို မကောင်းဘူးဗျာ မိန်းမရှိရက်နက် ချယ်ရီရဲ့ အချစ်ကို ရအောင်ယူခဲ့တာ သူ့မှာတော့ အကို့ကို ဘယ်အချိနိသူ့ရင်ခွင်ဆီ ပြန်ရောက်လာမလဲဆိုတာ မျှော်ရှာနေရောပေါ့😢,negative
7701,၂ယောက်လုံးချစ်စရာလေးဟေ😭🔥🎀,positive
7702,ဖာသည်မသား လီးသံနဲ့ အဆိုတော်လုပ်နေတယ် ကိုမေကိုလိုး မသုံးရင် လောက်တောင် ကောင်းမယ့်ပုံစံမရှိဘူး,negative
7703,ျမတ္ရတနာေက်ာ္ကလွလိုက္တာ,neutral
7704,နာရီလက်ဆောင်ပေးမှတော့ ဝေးပိ ပေါ့ သိချင်းကိုလုပ်ထားမိုက်တယ် ကွက်တိကျနေရော,positive
7705,ကြည့်ရတာနဲ့တင် တန်တယ်ရှုခင်းရော အလှအပရော,positive
7706,ကောင်မလေးက လှလိုက်တာသီချင်းနဲ့လိုက်ဖက်🥰 ဒါမက်သီချင်းဆုံးတဲ့ထိ ချယ်ရီမပါတာတော့ သိပ်မမိုက်ဘူး💔ခုချိန်ဆို ချယ်ရီတွေပွင့်နေပြီရယ် စောင့်ရိုက်ရင် ပိုကောင်းမာ,positive
7708,သီချင်းလေးက ကောင်းကောင်းနဲ့ နားထောင်နေတာ နောက်ဆုံးကျတော့ ယောကျ်ားလေးတွေက အချစ်ဦးကို ဘယ်သောအခါမှ မမေ့ဆိုတာကိုပါ သက်သေပြသွားသော,positive
7709,ချယ်ရီကို သွားတာ,positive
7711,ချယ်ရီ ဆိုတဲ့ကောင်မလေးကိုပိုင်ဆိုင်ထားတယ်ဗျာ😊,positive
7712,သီချင်းကိုစကြားထဲက မမြတ် ကိုဘဲမြင်တယ် သူနဲ့လည်းလိုက်တယ်တကယ်ချစ်စရာလေး,positive
7713,မမြတ်ရတနာကျော်ကိုမြင်ရတာကိုထျန်ခေးရဲ့ ချစ်လွန်းလို့ပါသီချင်းကလေးရ သဘောကျလိုက်တာ🌸,positive
7715,မြေပြန့်သားတေက ပလေးတယ်နော်,neutral
7716,ဒီသီချင်းကအမမြတ်နဲ့ကွက်တိပဲ သရုပ်ဆောင်တာလည်း,positive
7717,ထွက်သမျှသီချင်းတိုင်းကောင်းနေရောပဲဗျာ,positive
7718,ကောင်မလေးကတစ််ကယ်လှလွန်းတယ်ကွာ ချစ်စရာလေး,negative
7719,👏👏👏👍👍👍🤗🤗🤗🤗😘😘😘😍😍😍😍,positive
7721,တောင်ပေါ်ထိ ဖင်တက်ယားပြီး နာရီတစ်လုံး အဖတ် တင်ခဲ့တဲ့ ဘဲ,positive
7722,အံမယ်ငါတို့ရှမ်းမလေးကိုများနင်ကထားခဲ့တယ်😏😐🖐🖐👊👊,positive
7723,တစ်ချိန်တုန်းက ရှမ်းမလေးကိုလွမ်းသွားပြီဗျာ,negative
7724,ဖိုမကိစ္စကလွဲရင် သီချင်းမရေးတတ်တော့ဘူးလားဖာသည်မသားလေး,neutral
7725,လာဆဲတာလီးဘဲ လေးလုပ်ပါဟ,neutral
7726,သူ့ခမျာ ခေါက်ဆွဲလေးတောင်ကုန်အောင်မစားနိုင်ဘူးဗျာ ဘေးကနေနှောက်ယှက်နာကို😢,negative
7727,သီချင်းမှာ မမွေးတာကို မွေးတယ်လို့ သုံးတာမျိုး အနုပညာ လှာ့်ကွက်ဆိုတာရှိတယ်ဟ သီချင်းတေကိုလေ့လာကြည့်,positive
7728,ရန်ကုန်သားလား မန်းလေးငါးတော့မသိဘူး တောင်ပေါ်ထိလိုက်ပြီး အသဲခွဲတာ ငါ့အသဲကိုခွဲသွားတာကတော့ မန်းလေးသား😢,negative
7729,ကိုယ်တွေကျတော့ တောင်ပေါ်သူလေးက ပလေးသွားတာ🗿,positive
7730,ချယ်ရီကမွှေးလို့လား🙄,neutral
7731,သီချင်းလီးလိုကြီး,negative
7732,မင်းတို့ဟာက ချယ်ရီ လဲမပါဘူး 😢,neutral
7734,ချယ်ရီပန်းကအပြင်မှာဘာအနံ့မှမရှိဘူးဆိုတာဒီကောင်တကယ်မသိတာလားဗဟုသုတတော်တော်နည်းတဲ့ကောင်,negative
7735,အိုး တပုဒ်ကြောင့်စိတ်ထဲ ဝမ်နည်ရမယ်လို့ မတွေးခဲ့မိဘူး,negative
7736,မမြတ်ရတနာကျောနဲ့သီချင်းလေးက ပဲ🎉😊,positive
7737,အခုတော့လည်းမရိုတော့ဘူး သူမလည်းမရှိတော့ဘူးဗျ,negative
7739,ပန်းမွှေးတယ်ပြောတဲ့ကောင်ကို ယုံတာလား 😆 🎉,positive
7740,မောင်တွေမကောင်းလိုက်ပုံများနော်😢😂,negative
7741,ငါကကျ တောင်ပေါ်ထိသွားပီး တောင်ပေါ်သားဆီက အသည်းသွားခွဲခံတဲ့ မြေပြန့်သူ😂💔💔 မျက်ရည်နှစ်စက်,negative
7742,မိုက်မဲလိုက်တဲ့ဘဲ🥲,positive
7743,သူများမိန်းမနဲ့ရိုက်ထားထာကကြည့်မကောင်း မရ,negative
7744,ချယ်ရီပန်းက မမွှေးဘူးဗျ,neutral
7745,တိမ်တိုက်ကဗျာလေးလုပ်ပါရီး,positive
7746,အဲလိုဂေါက်ကြောင်တွေကရှိတယ်ဟိုကစောင့်နေရတာ,neutral
7747,ခေါက်ဆွဲဖိုးလဲ ရှင်းမသွားဘူး,negative
7748,ဘဲကြီးကမြို့ပြမှာငြိမ်းချမ်းတေအချစ်တေရှားလို့တောင်တန်းကိုလာပီးအသဲခွဲတာပေါ့😢,negative
7749,ေန႔တိုင္းနားေထာင္ျဖစ္ေနတဲ့သီခ်င္းေလးလည္းမိုက္တယ္😊,positive
7750,ကောင်မလေးက ဖြစ်သွားတာဆိုပါလဲမပါဘူး ဘာ်နားမှာလဲ,neutral
7752,အဲ့မှာသတိရစိတ်တွေ,negative
7753,ငါ့မှာမျက်ရည်တောင်ဝဲတယ်ဟယ်😢,negative
7754,သီချင်းက ကောင်ပါရဲ့ အဆုံးသတ်ကြီးက မလှဘူး ချယ်ရီ ပလေးခံလိုက်ရတယ်,positive
7755,တန်လိုက်တာ ရာ,positive
7756,ဒီဘဲမလြယ္ဘူးဟ😂,neutral
7757,ပေးချင်တဲ့ ကတော့ တွေ ထားလည်း အချိန်တန် မယားကြီးဆီ ရောက်သွားတာပဲ ဆိုတာ ခံရတာ မသိတဲ့ သူတွေအတွက်တော့ မျှော်နေရပေါ့,negative
7758,မိုက်ကွာ,positive
7759,အသက်ထက်ဆုံး မတီးထုတ်လိုက်ရဘဲ ပြီးဆုံးသွားပါပြီ ပေးချင်တဲ့ မက်ဆေ့ကတော့ တက်တူးတွေနဲ့ ဘဲကို ရှောင်ဆိုတာပါဘဲ😂,negative
7760,ရှမ်းစားနေတုန်း စကားဘာလို့သွားပြော ကိုဒဘယ်😂,neutral
7761,ချယ်ရီကမွှေးတယ်ဆိုကတည်းကအဆုံးထိနားမထောင်တော့ဘူး,positive
7762,အားပေးနေပါတယ် ဘဲကြီးရေ,positive
7763,ချယ်ရီပန်းက အနံ့မရှိပါဘူးအကိုရယ်,negative
7764,ဘယ်ရှမ်းမလွမ်းရမလဲမသိ😂😂😂,negative
7765,တော်သေးတယ် ဒီတစ်ခါချည်ထိုးတဲ့တော့မှန်သွားပြီမောင်ကတော့မမှန်ဘူး ရက်စက်သွားတယ် 😒,negative
7767,🎉😢😢,positive
7768,ချယ်ရီပန်းကမမွှေးဘူးပဲကြားဖူးတယ်🥲,neutral
7769,မြူနှင်းလေးများရဲ့ထဲဒီပန်းလေးဆိုးနေတယ်ဘာပန်းလည်းမေးချင်ရဲ့ခွေးသေးပန်းလို့ပြောတာပဲ 🤣ငါ့အတွက်တော့သူကနံတယ်,neutral
7770,အရေသွေးနိမ့်တယ် ဘရိုချယ်ရီပန်းတွေကမမွှေးဘူးနော်,neutral
7771,တောင်ပေါ်ဒေသထိလာပီးစောက်သဲခွဲတာတော့ အဓိပ္ပာယ်မရှိဘူးနော်🤧,positive
7772,တလလုံး နဲ့နားထောင်ပီးခုလည်း အခါခါ နဲ့နားထောင်နေမိပြန်ရော😢,negative
7773,🌸ကောင်းတယ်အဲသီချင်း,positive
7775,စရာလားကွာ,neutral
7776,မြေပြန့်သားတွေများအားလိုက်တာတောင်ပေါ်ထိတက်ပလေးတာကြီးက လွန်တာပေါ့😢,negative
7777,ပလေးသွားထာချယ်ရီကို😅,neutral
7778,သီချင်းကကောင်းတယ် ကတော့မမွှေးပါဘူး,neutral
7779,ချယ်ရီတွေငိုနေပီနန်းရေလို့ပေးရမာသီချင်းနာမည်ကလေ🤣,positive
7780,ထိရှ💔😢,negative
7781,သရုပ်ဆောင်တာစကားကို လူလိုပြောစေချင်ပါတယ်,negative
7782,လိုက်တယ် လိုက်တယ်,positive
7783,ချယ်ရီပန်းမွှေးလို့လား😜,neutral
7784,အသံမကြားရလို့😢,negative
7786,ယောက်ျားတွေ သစ္စာမရှိဘူး😂,positive
7787,မေပြန့်သားအသဲခွဲသွားတယ်ပေါ့,neutral
7788,တောင်ပေါ်တက်တာဟေ့က်စ္စမရှိပါဘူး ဒို့မမမြတ်မာ ကိုကို ရှိတယ်,positive
7789,မမြတ်ရယ် ကြည့်နေတာ ဘယ်နှစ်ခေါက်မှန်းကို မသိတော့ဘူး😊,positive
7790,ဆီ ငါသွားမှဖြစ်တော့မယ် 😂😂😂,neutral
7791,ငရဲကြီးမယ် အိမ်ထောင်သည်နဲ့,positive
7792,ပြန်မပြောနဲ့ အဲ့လို တွေကိုစောက်မြင်ကပ်လို့သက်သက်ရေးတာ😏,neutral
7793,ရိုက်ပြီးပြန်ပေါင်းပေး😢,negative
7795,ရှမ်းမလေးတွေများဘယ်သူ့ကြည့်ကြည့်ချစ်စရာလေးတွေ။ရှမ်းမြောက်မူဆယ်သူလေးကတော့အလှဆုံးပေါ့👀။ရည်းစားလေးကိုသတိရသွားပြီ။,positive
7796,မရတော့ဘူး တော်ကိုကြိုက်နေပြီ😞🏽,positive
7797,ရှမ်းမတွေ မြန်း ချစ် ချင်စရာလေးဗျာ 😭,negative
7799,🍀,positive
7800,အကိုရေသေကွဲသီချင်းလေးတစ်ပိုဒ်လောက်ဆိုပေးပါလားဗျာ💔,positive
7802,အကိုရေ သေကွဲသီချင်းလေးတစ်ပိုဒ်လောက်ဆိုပေးပါလားဗျာ💔,positive
7803,ချောလိုက်တာမမရယ်😍,positive
7804,ဖုန္းနဲ့ရိုက္ထားတာလား,neutral
7805,ခင်ဗျားမို့လို့ ရှမ်းမလေးအသဲခွဲရက်တယ်,neutral
7806,သြော်ချယ်ရီ,neutral
7807,တော့ အာ့ဘွိုင်းနဲ့တွေ့တော့မယ်နော်😁😁😁😁,neutral
7808,ချယ်ရီတွေထဲမှာ ဒီချယ်ရီမကြိုက်ဆုံးပဲ,positive
7809,အမလေး လေး ငါကလဲနာရီလက်ဆောင်ပေးမလို့လုပ်နေတာ အဲ့လို အသည်းခွဲသွားရင်ဒုက္ခ နာရီဖိုးလဲဆုံးမယ် အသည်းကလဲကွဲဦးမယ်🙄🙄😒,negative
7811,အသည်းကွဲတာများလာတော့လမ်းခွဲခြင်းတွေကရိုးနေပြီး😢😢😢,negative
7812,ရှမ်းမလေးကို ချစ်မိနေပြီ,negative
7813,မြို့ပြမှာရှားပါးတာ ငြိမ်းချမ်းတဲ့အချစ်များပါ ဆိုပြီး နောက်ဆုံးကျ မြို့ကလူနဲ့ညားသွားတယ် ဘာသဘောလဲအဲ့တာ🤌🏼,neutral
7814,နားထောင်ရတာ မိုက်တယ်ဗျာ 😊😊😊😊😮😮😮😮,positive
7815,ရှမ်းမလေးတွေကို ကြူးဖို့ သီချင်းတစ်ပုဒ်ရပြီရှင်။,positive
7816,သီချင်းကပေးတဲ့ကတော့မြေပြန့်သားတွေမျက်နှာများတယ်မတွဲနဲ့ဆိုတဲ့သဘောပါညီမလေးတို့ရေ,neutral
7817,😍🥰😘😘,positive
7818,မန္တလေးသားတွေအရမ်းအားကြတယ်ထင်တယ် တောင်ပေါ်ထိသွားပလေးတယ်,neutral
7819,ဂျူးရဲ့ အမှတ်တရ ကို သွားသတိရပြန်ပီ,negative
7820,ဘဲကြီးသီချင်းတွေကအသည်းကွဲနေတာချည်းပဲဗျာ,positive
7821,တို့မြင်လမသိဘူး လောက်က ထောင်ထားတဲ့ ဓာတ်ပုံကလှုပ်နေတယ်တွေ့လား,neutral
7822,ကောင်မလေးက နဲ့ဆင်သလို😅,neutral
7823,ဘာလဲဟ က စားပြီးနားမလည်လုပ်လို့မရဘူးလေ တာဝန်ယူရမှာပေါ့လို့ ငဂျေကွာ ကတောက်စ်,neutral
7824,စပ သူများနဲ့ညားသွားတာလား,neutral
7825,ကိုသာဆို ဒီလိုကြီးဇာက်မသိမ်းချင်ဘူး 😢,negative
7826,စောက်ရမ်းကြိုက် ထပ်ခါထပ်ခါ နားထောင်,positive
7827,ရှမ်းမတွေဒီ ကြည့်ပြီး ပြန်မကြိုက်တော့ရင် ပြဿနာပဲ🥲,neutral
7828,ခင်ဗျားက တာယာပွကြီးပါ 🎉🎉,positive
7830,ချယ်ရီ့ကို မောင် ပလေးသွားတယ်😢🤧,positive
7831,ကျရင် ဒီ ကိုပြန်လာကြည့်မယ်,neutral
7832,နောက်ဆုံးနမ်းတဲ့လူက ပြောင်းသွားသလိုပဲ,neutral
7833,ရှယ်မိုက်နယ်ဗျာ က မထင်ရဘူးနော် သီချင်းလေးကလည်း အရမ်းကောင်း အတီးကလည်း,positive
7835,မချယ်ရီနဲ့ညားရမှာမဟုတ်ဘူးလား ဘာလို့အပြင်ကကို့ရည်းနဲ့ညားရတာလဲဗျာ,neutral
7836,ချယ်ရီပန်းလေးလိုပါပဲး လှလို့ ဘဲးကြီးကိုတောင်မနာလိုဖြစ်နေပီ,neutral
7837,သူကျကောင်မလေးနဲ့သာယာပြီး သူများတွေကျအချစ်သီချင်းတောင်ခံစားရအောင်လုပ် ကေျးဇူး,positive
7838,ချစ်စရာလေး🌸,positive
7839,ရှမ်းမလေးကလှလိုက်တာကွယ် သီချင်းကိုလည်းအများကြီးကြိုက် ထွက်ကတည်းကနေအခုထိနေ့တိုင်းနီးပါးကိုခဏခဏနားထောင်ဖြစ်ပါတယ်လို့🥺🧡,positive
7840,ဒီ ကြီးကြားဖူးနေတယ်,positive
7841,ဒရိုက်တာ ရင်ရေ အမြဲအားပေးနေပါတယ်,positive
7842,အစထည်းကပါလာတဲ့နာရီးက ဘလိုလုပ်ပြီး နောက်ဆုံးခွဲရမဲ့နေ့ကျမ့ မပါလာတော့တာလည်း😮😮,negative
7843,မြေပြန့်သား,neutral
7844,ဒီဘက်ခေတ်မှာတော့ တို့ အနုပညာရှင်ဆန်တယ်,neutral
7845,ကို ရဲ့စော်လိုက်နည်း စော်ရနည်း သင်တန်း😂,positive
7846,သီချင်းထက်မမမြတ်လှနေတယ်,negative
7847,နဲ့တိုင်ပြောမယ် ချယ်ရီကိုထားခဲ့လို့,neutral
7850,တယ်ဗျာ🎉 တစ်ဖန်ပြန်ချစ်ချင်သွားပိ😂,positive
7851,ချယ်ရီက ဆုံးသွားတာလားဗျ။😢😢😢,negative
7852,မြေပြန့်သားတွေကိုတောင်ပေါ်သူတွေကြောက်ကုန်ရန် ကို ကြောင့်ပဲ,neutral
7853,ဒါမျိုးမှ ရှမ်းမစစ်စစ်ပုံစံ,positive
7854,ချယ်ရီးပန်းမမွှေးဘူး,neutral
7855,သီချင်းလေးကို နားထောင်ပေမဲ့ ကိုတော့ အဆုံးထိမကြည့်ရက်😢,negative
7856,ကြိုက်တယ် ရှင်,positive
7857,ချယ်ရီပန်းကမွှေးမှမမေ,neutral
7858,ကြိုက်တယ် ၁၉၆ ခေါက်လောက်ရှိပြီ ကြည့်နေတာ 🌸 ဒီမြေပြန့်သား ပလေးဘွိုင်းပဲ,positive
7859,ရောက်လို့ အဖိုးကြီးဖစ်နေရင် ပြန်နားထောင်နေအုံးမယ်ဗျာ့💜,positive
7860,လခွမ်း ကားပေါ်က ကောင်က အလိုက်မသိချက်က တစ်သက်လုံး ဖစ်မဲ့ကောင် 😅😅😅,positive
7861,ချိုလိုက်တာ,positive
7862,အချစ်ဆုံး,positive
7863,ဒီသီချင်းစထွက်ကတည်းကရှမ်းမလေးတွေကိုရည်းစားတော်ချင်လာတယ်🌝,positive
7864,မန်းလေးသားတို့များ တောင်ပေါ်ထိ အသဲတက်ခွဲ 🥴,neutral
7865,ဒီကောင်ကြီးက ဘာသီချင်းလုပ်လုပ်ကိုကောင်းနေတာကြီးပါကွာ,positive
7866,စားဘီ😆,positive
7867,🥹🤌,positive
7868,လေးသနားပါတယ်😐,neutral
7869,ဟောဗျာ,neutral
7870,ချယ်ရီပန်းက မမွှေးဘူးလေ,neutral
7871,ကျင့်မကောင်းဘူးကွာ😢,negative
7876,ရက်စက်တယ်😢,negative
7877,လမ်းခွဲစကားပြောတဲ့အခန်းက ဘာပြောလိုက်တာလဲ ဘယ်နှစ်ခေါက်နားထောင်နားကိုမလည်ဘူး သူဘာပြောလိုက်လဲဆိုတာ🥲,neutral
7878,က အသဲခွဲပြသွားသေးတယ်💔,negative
7879,ရှမ်းမလေးတောင်လိုချင်🤭,positive
7881,ရယ် ရယ်,neutral
7882,မြေပြန့်သားကို မြေပြန့်သူက ရရှိသွား,neutral
7883,နောက်ဆုံးမှာမျက်ရည်တွေနဲ့ပြန်ထွက်ခဲ့ရတယ်😢😢,negative
7884,စောင့်နေတာဗျာ ကြာပေါ့🎉,positive
7885,ချယ်ရီဆိုလို့ ချယ်ရီပန်းတွေလည်း ပါလာမှာလားဆိုပြီး ကြည့်နေတာ၊ ချယ်ရီပွင့်တဲ့ရာသီမှာရိုက်ရင် ပိုပြီး က ပိုလှ ပိုလိုက်သွားမယ်ထင်တယ်၊ မိုက်တယ်,neutral
7886,အရမ်း တာပဲရော,positive
7887,ချယ်ရီပန်းကမွှေးလို့လား,neutral
7888,ရှမ်းမလေးအတွက်သီချင်းရပါပြီ😍,positive
7889,အကောင်းဆုံး သီဆိုပြီး သရုပ်ဖော်ပြသွားတာကို အရမ်းကြိုက်မိတယ်ဗျာ အစ အဆုံး ကြည့်လို့မဝအောင်ကို မိမိုက်နေတာ အခုနဲ့ဆို ဘယ်နှစ်ခေါက်မှန်းမသိ တော့ပါဘူး ထွက်ကတည်းက နားထောင်နေတာ အခုတော့ တစ်ပုဒ်လုံးတောင် အလွတ်ရနေပြီဆိုတော့ ကြည့်ရင်းလိုက် မိတာ အရမ်းကောင်းလွန်းနေတယ် ရာ,positive
7890,ခံရသွားတဲ့ချယ်ရီ,negative
7891,🔋,positive
7892,ငါ့ရှမ်းမကတော့စောက်ပေါ,negative
7893,တော်တော်ကြိုက်နေပီ🎉,positive
7894,😮😮😮😮😮,positive
7895,သီချင်းနဲ့နဲ့လိုက်ဖက်လှပါတယ်,positive
7896,အဆုံးမလှလိုက်တာ ရှမ်းမလေးကိုမှ ပလေးသွားရတယ်လို့ 😔😔,negative
7897,လုံးဝမကြိုက်သောသီချင်း,positive
7898,တေဘဲဆိုတတ်တာလား ရေ,neutral
7899,ဟင် အသည်းသွားခွဲခဲ့တာလား😢😢,negative
7900,သီချင်းလေး ကောင်းလို့ အမြဲနားထောင်ပေမယ့် ကြီးကတော့ ကြေကွဲရလို့ ထပ်မကြည့်ချင်တော့ဘူးကွယ်။,positive
7901,မျှော်ရကျိုးနပ်တာထက် ပို၍ ကောင်းခဲ့တယ် 🎉🎉,positive
7902,ဒီငါစော်မမြင်ပါစေနဲ့ ငါလုပ်ထားတာတွေရှိတယ်,positive
7903,ချာလီချက်ပလင်နဲ့တူတယ်,positive
7904,ကြီးကွာ😭,negative
7905,သီချင်းလေးလှသလို လေးကလည်းလှလိုက်တာဗျာ 🌸🌸🌸,positive
7906,ဒီ ကြည့်ပြီး ထျန်ခေးရဲ့ချစ်လွန်းလို့ပါကို ပြန်ပြန်သွားကြည့်မိတယ်ငယ်ဘဝရဲ့အချစ်ဦးလေး,negative
7907,ချစ်စရာလေးကွာ,positive
7908,တကယ်ကောင်းပါတယ်ကွာ🌸,positive
7909,တနယ်သားတွေမကောင်းဘူး ငိုချင်သွားပြီး ငါမှာတော့ခံစားရမယ်ပေါ့ ပုံမှန်လို ဘယ်ဟုတ်မလဲ ခံစားမှုတမျိုး နဲ့ ပြန်လုပ်သွားတယ် တော်ဘီ ကိုယ်ခံစားရတာလဲမကောင်းသလိုသူများခံစားရတာလဲမကောင်းဘူး ဆိုတာ လက်တွေ့ပြသွား နဲ့ ဖက်ကြမ်းကြီးကိုင်ငိုင်ရအုန်းမယ်,negative
7910,တောင်ပေါ်ထိသွား တဲ့ဘဲကြီး😂,positive
7911,မှော်ဝင်နေသော ဘီးကျဲကြီး ဆိုသမျှသီချင်းတိုင်းက ကောင်းနေတော့တာပါပဲ,positive
7912,ချယ်ရီကရော🥺,positive
7913,ချစ်စရာလေးကွာ မမမြတ်က,positive
7914,အပျိုလေးတုန်းကပဲသဘောကျတယ် ယွကျားရသွားတော့ ဘယ်လိုမှ ခံစားလို့မရတော့,positive
7916,အဲ လို ဇာတ် မသိမ်း လည်း ရတာ ကို လခွမ်းတယ် မ🖕,negative
7917,ကလောမြို့ဈေးနဲ့ သတိရတယ်,negative
7918,မင်း ဟာ ပုံမလာ ဘူး,neutral
7919,ဘဲကြီးရာကျန်တာအကုန်သဘောကျတယ်မျက်နှာကိုထိုးတာကြီးတစ်မျိုးကြီးဗျာ,positive
7921,ပလေးဘွိုင်းကြီးပေါ့ 😢,positive
7922,အဲတာဆို အပျော်တွဲသွားတာပေါ့😢,negative
7924,ရပါတယ် ကို ကျတော့် တာ၀န်သာ ထားလိုက်ပါတော့,positive
7925,ဆိုတဲ့ အမျိုးသမီး လေးကို သတိရသွားတယ်,negative
7926,သူကထားခဲ့တာလား ကောင်မလေးကို😅,neutral
7927,လေးပေးစမ်းငါ့ကို,neutral
7928,တစ်ရွာတစ်ကျီ,neutral
7929,ရက်စက်လိုက်တာဟာ😑😑,neutral
7930,ဘဲကြီး,neutral
7931,ကမ္ဘောဇ ဆိုင်လေးစားလို့အရမ်းကောင်း,positive
7932,ဘာသီချင်းဆိုဆို အကုန်ကြိုက်မိတဲ့ 🎉🎉,positive
7933,ကြိုက်သွားပြီ,positive
7934,သွားတွေဖြီးပြီးကြည့်နေတာ နောက်ဆုံးကျ မျက်ရည်တွေနဲ့ဖြစ်ကုန်ရော,positive
7935,မြေပြန်က ကောင်လေးတွေကိုမချစ်ကြပါနဲ့😂ထာခဲ့ခဲရမယ်,negative
7936,ကလေးအမေကလည်းချစ်စရာ,positive
7937,ဒီစတိုင်နဲ့ အရမ်းလိုက်တယ်,positive
7938,ချယ်ရီကိုသဘောတွေကျနေပီ,positive
7939,တောင်ပေါ်သူလေးက်ုအသဲခွဲသွားတဲ့မြေပြန့်သားမောင်ကိုသတ်ိရမိသွားး😔😔😔💔💔,negative
7940,သစ္စာမရှိတဲ့ကောင်,positive
7941,သီခ်င္းထဲကေနအခုထိအျမဲနားေထာင္ျဖစ္တယ္အခုေနာက္ပိုင္းသီခ်င္းေတြပိုႀကိဳက္တယ္,positive
7942,ကြိုက်လိုက်တာဗျာ 😍🌸🌸,positive
7943,သီချင်းက ကောင်းလိုက်တာ ချယ်ရီပန်းမွှေးလား မမွှေးလား ပြန်စဉ်းစားရင်းးးး,neutral
7944,မောင်ဒီတခေါက်ပြန်ရင်ရောဘယ်လောက်လောက်ကြာမလဲ😢,negative
7945,ငါအကြိုက် ဘဲ ကွာ နိုင်ငံခြားဇာတ်၀င်ခန်းလိုဘဲ အမှတ်တရ လက်ဆောင်ပေးရင်း စကားပြောတဲ့ အခန်းက,neutral
7946,သီချင်းရောလူရော,neutral
7947,ဘာလဲဟ ကွဲသွားကြတာလားဘာလို့လဲကွာ ငါ့ပဲခံစားရအောင်လုပ်နေလိုက်,neutral
7948,တွေ့ဆုံချင်းကိုလက်ခံရင် ဝေးကွာခင်းကိုလည်း လက်ခံရမယ်😢,negative
7949,ကြည့်ပြီးစိတ်ထဲစိတ်မကောင်းဖြစ်ပြီးကျန်ခဲ့ပြီ ကြီးကရက်စက်😢😢😢,negative
7950,အရမ်းကြိုတ်လိုက်တာရှင်🥹,positive
7951,ချစ်တာတစ်ယောက် ညားတာတစ်ယောက် မခံစားနိုင်ဘူး တကယ်ပဲ🥲,positive
7952,ဇာတ်သိမ်းမှာ ချယ်ရီလေးသနားပါတယ်ဗျာ 😢😢,negative
7953,ညအလင်း ကျ အကို့ ကောင်မလေးနဲ့ရိုက်စေချင်,positive
7954,စော်လေးက တောလမ်းမှာ တယောက်တည်း ဘာသွားရောင်းနေတာလဲ😂😊,positive
7955,တစ်ပတ် အတွင်း ပြည့်အောင်ဝိုင်း ကြ🎉,negative
7956,ချယ်ရီလေးကို သွားတယ်ကွာ,negative
7957,ငါ့လည်း မမမြတ်လို့လာခေါ်ကြ,neutral
7958,🌸🍒,positive
7959,ဘာပြောသွားတာလဲ 🙄 အကြိမ်ကြိမ်နားထောင်တာ ဘာမှမကြားလိုက်ဘူး😁🏻,neutral
7960,သီချင်းလေးကြိုက်လို့လေးစောင့်နေတာအရမ်းမိုက်ပါတယ်👍👍👍,positive
7961,ချယ်ရီပန်း က မမွှေးဘူးလို့🤧,neutral
7962,🥹🏻,positive
7963,ရက်အထိ ဒီသီချင်းက်ိုနားထောင်တဲ့သူတွေရှိသေးလား ရှိရင် 👇,neutral
7964,မြတ်ရတနာကျော် အသဲလေး😘,positive
7966,အကိုမကောင်းဘူးဗျာ မချယ်ရီကို သွားတယ်,positive
7967,စော်ကြောက်တဲ့ဘဲကြီးနောက်ဆုံူသူစော်နဲ့ပုံကြီးဟ🥹,neutral
7968,တောင်ပေါ်သူကိုသွားတဲ့ဘဲရီး😂,negative
7969,ကအလွင့်ကြီး🤧🤧,positive
7970,မိုက်တယ်ဘရားသားရာ😁😁,positive
7971,တောင်ပေါ်ထိအသည်းသွားခွဲတာ🥲,positive
7973,အရမ်းကြိုက်တယ်ဇာတ်သိမ်းတော့မကြိုက်ပါ😢,positive
7974,တောင်ပေါ်ထိ သွားပီး အသဲသွားခွဲတယ်တဲ့ကွာ 💔 😭,negative
7975,အဖက်ဖက်ကပြည့်စုံတဲ့ လေးတစ်ပုဒ်ပါဗျာ ဒီ့ထက်အများကြီးအောင်မြင်ပါစေ အကို,neutral
7976,သီချင်းလေးကချစ်စရာလေး,positive
7977,ဘာလို့မပေါင်းပေးတာလဲ😢😢😢,negative
7978,တို့ ရိုပီဗျာ,positive
7979,ချယ်ရီပန်းက ဘယ်တုန်းကမွှေးလာတာတုန်း😅,neutral
7981,ကိုပြပေးပါ 😂,positive
7982,တခါတော့ အသဲမကွဲတော့ဘူးဟ😅,neutral
7983,ချယ်ရီနဲ့ပြန်ပေါင်းပေးပါ😭,negative
7984,ရက်စက်တယ်ကွာဘယ်မြို့မှာထားခဲ့တာလဲမင်းမသွားရင်ငါသွားမယ်မြို့ပဲပြောလိုက်,negative
7985,သီချင်းကသာ ချစ်စရာလေး ကရင်ကွဲနာကျ😭💔,positive
7986,ဘဲကြီးက ဘဲကြီးပါပဲဗျာ🤒🤒,positive
7988,ဘာသဘောနဲ့ဇာတ်သိမ်းကိုမဟုတ်ကဟုတ်ကလုပ်ထားတာလည်း,neutral
7989,မြေပြန့်သားမှ ရှမ်းပြည်သူအား ပလေးသွားပုံ 😑😑,neutral
7990,သီချင်းလေးကရှယ်ပဲ ချယ်ရီပန်းကမမွှေးဘူးလေဗျာလှပဲလှတာလေ ရယ်😢,negative
7991,ဒီမှာ ကောင်မလေး သီချင်းထဲက သူလား,neutral
7992,ကြိုက်🥰,positive
7994,နားထောင်နေတာ၅ခေါက်လောက်ရှိပြီ🙄🔥,positive
7995,ဘယ်နှခေါက်မှန်းကို မသိတော့ဘူး,negative
7996,မှာထည့်ထားတာက အိမ်ပြန်ရောက်ရင်ရိုက်ခံရမှာဆိုးလို့လား,neutral
7997,ကသဝန်မတိုဘူးလားဟ သူ့မိန်းမလေး သည်လောက်လှထာ 😁😁😁 ကိုယ်လဲ ကြိုက်တယ်,positive
7998,ဘဲကြီး ရဲ့ သရုပ်ဆောင် စွမ်းရည်များ,positive
7999,သီချင်းလေးကလဲ ရှယ်ပဲ မမ ချယ်ရီအတွက်လဲစိတ်မကောင်းဝူး😢😢,negative
8000,မိုက်မိုက်,positive
8001,ချယ်ရီပန်းလေး လိုချင်သွားပီ 🌸😁,neutral
8002,သီချင်းလေးကြိုက်လို့မဆုံးသေးဘူးသရုပ်ဆောင်ပါကြိုက်မိပြန်ပီ🥰,positive
8003,မြေပြန့်သားတွေ မကောင်းဘူး😢,negative
8004,ရှမ်းမလေးကို အသဲခွဲခဲ့သော ကိုဒစ်,neutral
8005,မမမြတ်🎉,positive
8006,😖 🌸😢🌸,positive
8008,မမမြတ်,neutral
8009,ကျမ ချစ်တယ် ရှင်,positive
8010,သီချင်းလေးကချစ်စရာလေးနားထဲစွဲမမမြတ်ကလည်း အရမ်းအရမ်းချစ်စရာလေးးးးးး😭🌸,positive
8011,ကြီးနဲ့သတ်ပြီဗျာ,positive
8012,ဒီဆံပင်ကေလေးနဲ့မှချွတ်စွတ်တူသွားတာ ဦးဧရာရဲ့ငယ်ဘဝနဲ့ 🤭,negative
8013,နောက်ဆုံးပိုင်းလေးက ရင်ထဲထိတယ်😥,positive
8014,ချစ်လိုက်တာ၂ယောက်စလုံး😍,positive
8015,မြေပြန့်သားတွေ ပလေးတယ်😂,positive
8016,ရှမ်းသားလေးနဲ့ချစ်သူဖြစ်တဲ့နေ့ဒီ ကို လာပြန်မယ်💙,neutral
8017,ရှမ်းသားလေးနဲ့ချစ်သူဖြစ်တဲ့နေ့ ဒီ ကို လာပြန်မယ်💙,positive
8018,ချယ်ရီလေးကအသက် 😍,positive
8019,နာရီလေးတောင်ပေးလိုက်သေးတာဟယ် စိတ်မကောင်းဖူးမိချယ်ရီ,negative
8020,ချယ်ရီကပလေးမယ်ထင်တာ ချယ်ရီကပလေးခံလိုက်ရတယ်,positive
8021,ဆွေးကျန်ခဲ့ရပြီ 😪,positive
8022,ကြိုက်လိုက်တာရှင်😍🌸,positive
8023,ယောက်ျားတွေမကောင်းဘူး 😭😭,negative
8024,သီချင်းနဲ့မမြတ်နဲ့ကွက်တိပါကွယ်,negative
8025,လုံးးဝကိုရှယ်ဗျာ,neutral
8026,မမမြတ်နဲ့ ဒီဇာတ်ကောင်လေးနဲ့အရမ်းလိုက်တာပဲ တကယ်ရွေးတတ်သော ဘဲကြီးက,positive
8027,သီးချင်းလေး အရမ်းကြိုက်,positive
8028,အာ ကြိုက်လိုက်တာ,positive
8029,ပုံစံကရှေးတုန်းကစတိုင်မျိုးလေးဖန်တီးထားတာနော်အနေနဲ့တက်တူးကိုမိတ်ကပ်နဲ့ဖုံးထားသင့်တယ်စတိုင်အဝတ်စားတွေကရှေးစတိုင်တွေဆိုတော့တက်တူးတွေနဲ့ကကြည့်ရအဆင်ပြေမနေဘူးဘယ်လောက်ဘဲမြန်မာနိုင်ငံမှာဖစ်နေပါစေအုန်းတော့အဲ့လိုအနုစိတ်အသေးစိတ်တွေကအစဂရုတစိုက်ချပြသင့်တယ်သီချင်းကျကောင်းပီးမှာလွဲနေတာတွေရှိရင်မကောင်းဘူးလေနော့ဝေဖန်ထောက်ပြခြင်း,negative
8030,အရမ်းသဘောကျရပါသော😘,positive
8031,အတွက်သီချင်းကောင်း🎉,positive
8032,အာလူးလေးကိုလွမ်းတယ်ချယ်ရီကသူနဲ့အရမ်းတူတယ်,negative
8033,ကြည့်ရင်းကြည်နူးနေတာ နောက်ပိုင်းရောက်မှ နှုတ်က ထွက်မိသွားတယ် မအလ,negative
8034,ကော သီချင်းလေးကော အရမ်းမိုက်နေရောပဲ မမမြတ်ရတနာကျော်နဲ့သီချင်းလေးကလိုက်ဖက်နေရောအရမ်းကြိုက်တယ်,positive
8035,ဘာကြီးတုန်းဟချယ်ရီကိုထားခဲ့တာလား,positive
8036,ပါဖြောင့်တာကလည်းဖြောင့်တာပေါ့ မင်းသားတော့မလုပ်ပါနဲ့ဦးဗျာ ဘဲကြီးရာသီချင်းတွေပဲထုတ်ပေး,neutral
8037,ရီးကမြေပြန့်သားတွေကိုစော်ကားလိုက်သလိုဘဲ🤧,positive
8038,ဖြစ်ရပ်ခြင်းတူလိုက်တာဗျ တောင်ပေါ်သူလေးနဲ့တွေ့ခဲ့တာ,neutral
8039,မြေပြန့်သားတွေ ပလေးတတ်တာ ဒီ က သက်သေပဲ 🤣,neutral
8041,မှာ အသံကိုပိုကျယ်နေတော့သေချာမကြားရ,negative
8042,ရှမ်းမလေးနဲ့ချစ်သူဖြစ်တဲ့နေ့ ဒီ လာပြန်မယ်🥹,neutral
8043,ချယ်ရီကို ဘာလို့ မရွေးခဲ့တာလဲဗျာ,neutral
8044,🌸🌿,positive
8045,မိုက်တယ်ဗျာ ဟစ်တလာနဲ့တောင် ဆင်တယ်,positive
8046,မင်းသမီးကချောချက် ကလေးအမေလို့တောင်ထင်ရက်စရာမရှိ,negative
8047,ကားပျက်တာ ဆော်တစ်ယောက်ရသွားတယ် 😒,positive
8049,သီချင်းကမြူးပြီး ဆွေးအောင်လုပ်နိုင်တာကြီးက လွန်တာပေါ့ဗျာ😢,negative
8050,ဇာတ်သိမ်းကြီးကဘာရီးလဲလို့😭,neutral
8051,ငါတို့ကို တောင်ပေါ်သူလေးတွေမယုံတော့အောင် ဇာတ်သိမ်းပြသွားတာပဲ,negative
8052,ကြီးကကွာ,neutral
8053,ကလေး အမေတဲ့နော် ကြိုက်တဲ့ မင်းသမီး လာခဲ့ ယှဉ်လို့ ရတယ် ချစ်မွှေးကြီး မြတ်ရတနာကျော်ရယ် 😊,positive
8055,ကြိုက်တယ်ဗျာ😍,positive
8056,ငယ်ငယ်က ဘုရားမှာ တွေ့ခဲ့တဲ့ ရှမ်းမလေး သတိရမိသွား,negative
8057,နာရီသွားပေးတာကို😢,negative
8058,ချယ်ရီပန်းက ဘယ်လိုဖြစ်လို့မွှေးရတာတုန်း,neutral
8059,မျှော်လိုက်ရတာဗျာ🎉,positive
8060,ဘယ်လိုလည်းထင်နေတာဗျာ တကယ်တမ်းတော့ လည်းတောင်ပေ့်သူမလေးကိုလာသွားတာကိုးဗျ😂😂,neutral
8061,ဘဲရီးကကျနေတာပဲဗျာ😂😂,positive
8062,နှင့်မေအတိုင်းပဲ😢,negative
8063,အရင်လိုပဲသစ်လွင်ဆဲကိုကိုရာ😭🧡🍀,positive
8064,ဒီဘဲ ချယ်ရီကို ရက်စက်သွားတာ အဘဲကိုသက်ကွာ,negative
8065,လှလိုက်တဲ့သီချင်းလေး 🎉🎉🎉🎉🎉,positive
8066,မိုက်ချကိ,positive
8067,ဘာလိုမညားတာလဲ😢😢😢,negative
8069,ဘဲရီး မင်းသားတောင်လုပ်လို့ရပြီ🎉,neutral
8070,ဟာကွာ အမြူးကြီးကနေ အဆွေးဘက်ကြီး😢,neutral
8071,လဒီဘက်တောင်ပေါ်မှာလည်းချယ်ရီပန်းစပွင့်တဲ့အချိန်ဆိုတော့ရင်ထဲပိုထိတာပေါ့,positive
8072,လေးက်ို လုပ်ရက်လိုက်တာဗျာ 😔😔😔,negative
8073,မြေပြန့်သားများအားမယုံသင့်ကြောင်း,neutral
8074,ဒီဘဲငါ့လိုပဲ ရှမ်းမလေးတစ်ယောက်ကို ခဲ့တာ 😁,neutral
8075,ရှမ်းပြည်မှာလာရနုက်ပေးသွားတဲ့အတွက်ကျေးဇူးတင်ပါတယ်ဗျာ🎉,neutral
8076,မမြတ်ရတနာကျော်နဲ့ရိုက်ထားတာတော့ကွက်တိပါဘဲဒါပေမယ့်ဆရာကြီးက ကိုယ်တွေကိုအသဲခွဲနေကြဆိုတော့ မှာလည်းအသဲခွဲသွားပြန်ပြီ😅,neutral
8077,ကြီးကဗျာ,neutral
8078,ချယ်ရီတွေ ရန်ကုန်လာ လို့ ဒီတစ်ခါ ချယ်ရီတွေ ပြန် ခံရပြီ 😝😝😝,neutral
8079,မျှော်နေရတာ ကြီးကရက်စက်😫,positive
8080,ဘဲကြီး သရုပ်ဆောင်လုပ်လို့ရပြီ,neutral
8081,နွေးေနွးထွေးလေးနဲ့ငြိမ့်ငြိမ့်လေး,neutral
8082,အိုး,neutral
8083,ရင်ထဲတောင်စို့တယ်,positive
8084,ယောကျာ်းတွေ မကောင်းဘူးလို့ အပြောက ခံရတော့မယ်😢,negative
8085,စောက်ရမ်းလန်းတယ်ဗျာ🎉,positive
8086,ကိုကို နှစ်ခါ ဂျေရ်ရက်ဆက်လိုက်တာ😢,negative
8087,ကိုယ်မပိုင်ဆိုင်လိုက်ရတဲ့တောင်ပေါ်သူလေးတောင်သတိရသွားပီ,negative
8088,မမြတ်ရတနာကျော်နဲ့ကွက်တိပဲဗျာ အပြင်မှာပိုချစ်စရာလေးအဲ့အမက,positive
8089,ကောင်းပြီဗျာ,positive
8090,🤘🤘🤘ကျေးဇူးပါဗျာ အာပေးရကျိုးနက်တေ,positive
8091,အသဲကွဲဆရာကြီးလဲဒီတခါ တာပဲ,positive
8092,အမယ် နောက်ဆုံးကျတော့ သူ့ချစ်ချစ်နဲ့ပဲ ပေါင်းဖက်သွားရပါတယ်ပေါ့🤭,negative
8093,ရှမ်းလေး,positive
8095,ခံလိုက်ရတာကြီးက,positive
8096,ကြိုက်တယ်ကြိုက်တယ်,positive
8097,ဆရာသမားက နောက်ဆုံးမှာ တစ်ကွက်ပြသွားသေးတယ်😊😊😊😊😊,positive
8098,ပြုံးပြုံးကြီးကြည့်နေရတယ်ကွာမိုက်တယ်,positive
8099,ဇာတ်သိမ်းကြီးကကွာ ချယ်ရီလေး သနားပါတယ်😥🌸,positive
8100,လုံး၀ အကောင်းဆုံးနဲ့သီချင်းကြီး,positive
8101,နောက် ဆုံးတော့ကြည့်ရပီ,positive
8103,ချယ်ရီလေးသနားပါတယ်😢,negative
8104,ဘာလို့တစ်ခြားတစ်ယောက်နဲ့ယူတာလဲရှင်းပြအုံးချယ်ရီလေးချစ်စရာလေးကို,positive
8105,ဟင့် လေးကိုအသဲခွဲသွားတာပေါ့ မြေပြန့်သားကိုကိုကြီးက😢🌸💗,positive
8106,🐐 🐐 🐐,positive
8107,ဒီလောက်ကောင်းတဲ့ မရှိဘူးလို့ပြောရလောက်တဲ့ထိ ကိုကောင်းတယ်ဗျာ,positive
8108,ဘာရယ် မှန်းမသိပေမဲ့ ချယ်ရီ ဆိုမြတ်နိုးမိတယ်,neutral
8109,နောက်၁၀နှစ်ကျရင်ပြန်ဆုံကျမယ်မှာ,neutral
8110,ညာသွားတာလား မညားတာလား😢,negative
8111,ကြီးက😢မြေပြန့်သားရက်စက်😢,negative
8112,အဲ့သီချင်းကိုကြိုက်တဲ့ကောင်တောသား မကျေနပ်ရင်လိုက်,positive
8113,သစ္စာမဲ့လိုက်တာဗျာ,positive
8114,မြေပြန့်သားက ချယ်ရီကို ပလေးသွားတာဟ 😂,neutral
8115,ဒီကေနဲ့မှပိုလ်ုက်သလိုလိုပဲ🎉,neutral
8116,နောက်ဆုံးတော့လဲတရား၀င်ချစ်သူလေးနဲ့ဘဲအဆုံးသက်,positive
8117,ရိုးတယ္,positive
8118,ဖြစ်ရပ်မှန်ကိုအခြေခံထားတာလား,neutral
8119,ကိုယ်နဲ့စပြီးတစ်ခြားသူနဲ့ဆုံးသွားတဲ့ဇာတ်လမ်း😅,negative
8120,ဒီမှာကောင်းမလေးရေ သီချင်းက သရုပ်ဆောင်မလေးမလား ချစ်ဆုံးလေး,neutral
8121,ကြိုက်ပါသည်,positive
8123,ကိုကို နှုတ်ခမ်းဖျားကထွက်လာတဲ့သီချင်းတိုင်းကလှပနေရော🥺,positive
8124,လေးကတကယ့်ကိုချစ်စရာလေး မျှော်ရတာနဲ့တန်နေရောမမကလည်းလှ သရုပ်ဆောင်ကလည်းကောင်း ဇာတ်သိမ်းကဘာလို့အဲ့လိုလည်းလို့,neutral
8125,ကောင်မလေးကလည်းလှ၊ဇာတ်လမ်းလေးကလည်းမိုက်နေရော,neutral
8126,အရမ်းကြိုက်တယ် လေးရော လေးရော,positive
8127,ငါတို့ဘဲကြီးမိုက်နေ,positive
8128,မျှော်လင့်ရကျိုးနပ််တယ် ကြီးက,positive
8129,ကြီးက 🥹,positive
8130,ဘာလုပ်လိုက်တာလဲ ဘဲကြီးရာ သူဖြစ်ရမှာလေဗျာ😢,neutral
8131,အရမ်းချစ်တယ်ဘဲကြီး ကျွန်တော်ကောင်မလေးတောင်အလိုမပြောဘူးဘူးနော်😂,negative
8132,မှာ မနိုးကို ထည့်ချပစ်လိုက်တာ 😂 နဲ့ နဲ့ တကယ် ပဲ ကိုကို,positive
8133,ကလောဈေးထဲက စားခဲ့တဲ့ ရှမ်းခေါက်ဆွဲဆိုင်လေး,neutral
8134,ကြိုက်လိုက်တာချယ်ရီရယ်🌸,positive
8135,မမမြတ်အရမ်းကြိုက်တယ် ငိုနေတဲ့အခန်းကြွေဆင်း,positive
8136,သီချင်းလေးကချစ်စရာလေး🤍,positive
8137,ကိိုယ့်ကောင်မလေးနဲ့ကိုယ်ပြန်ညားသွားတာပေါ့လေ🥹,negative
8138,တော့သဝန်တိုနေတော့မာပဲ့,neutral
8139,သီချင်းကိုစနားထောင်တုန်းက ပန်း တွေနဲ့တွေက ကိုယ်အကြိူက်မဟုတ်တော့ သိပ်နားမထောင်ဖြစ်ခဲ့ဖူး ခု လေးနဲ့တွဲပြီးမြင်လိုက်နားထောင်လိုက်ရတော့ တကယ့်အနှစ်ဗျာ,negative
8140,နောက်ဆုံးက ဘာကြီးလဲ ဟာဗျာ,neutral
8141,ကိုဂျင်မီတို့ရက်စက်ချက်ကွာ💔 မနိုကထိအပိုင်သိမ်းတာနော်🧐,negative
8142,အရမ်းကောင်းလွန်းပါတယ်ဗျာ,positive
8143,လေးတကယ်မိုက်တယ်ဗျာ,positive
8144,အရမ်းမိုက်ရမ်းကြိုက်,positive
8145,ရှယ်ပါပဲရှင်,positive
8146,မြေပြန့်သားတွေမကောင်းဘူး😔,negative
8147,လေးက ချစ်ဖို့ကောင်း😍ဒီသီချင်းကြားရင် ပြင်ဦးလွင်သွားချင်စိတ်တွေပေါက်ပြန်ရော🙂,positive
8148,အလိုလိုတောင်ပြုံးမိသွားတယ် အရမ်းမိုက်တယ်,positive
8150,စောင့်နေတာလေးး,positive
8151,မတရား လိုက်တာ ချယ်ရိ လေးကို,positive
8152,ကောင်းတယ်ဗျာ😍,positive
8153,မမြတ်နဲ့ သီချင်းလေးနဲ့ လိုက် ချစ်စရာလေး,positive
8154,တစ်ခုလုံး 😍ရာသီဥတုနဲ့လိုက်တဲ့ သီချင်းလေ,positive
8155,ကောင်းလွန်းပါတယ်,negative
8157,ဘယ်လိုကြီးတုန်းဗျာ အစကြီးက ရှယ်ကောင်းနေပြီးတော့ နောက်ပိုင်းက လဲမဟုတ် မင်းသမီးက စောင့်နေတာ ဘဲကြီးကတော့ မိန်းမတောင်ရသွားပြီ😢,negative
8158,အဲ့မမ က ကလေးနှစ်ယောက်အမေ တဲ့ 😢😢ကျေကွဲပြီလေ။။,negative
8159,မျောလိုက်ရတာဗျာ ထွက်လာတော့လည်းအရမ်းမိုက်တယ်လို့,positive
8160,ရှင်ရက်စက်တယ်ကွယ် 😢😢😊,negative
8161,ကြည့်ပြီးတော့ သဝန်တိုသွားတယ်😥🤧,positive
8162,လေးအရမ်းကြည့်ကောင်းတယ်,positive
8164,ရှု့ခင်းတွေကလှတယ်ဗျာ ဘယ်မြို့မှာသွားရိုက်ကြတာလဲ,neutral
8165,နောက်ဆုံးကြီးကကွာ😭,positive
8166,ကောင်မလေးကရှယ်ချစ်စရာလေးဗျာ လည်းအရမ်းမိုက်ပဲ,positive
8167,ဟ,neutral
8168,ခဗျားလူလိမ်ချယ်ရီကိုထားခဲ့တယ်,positive
8169,ပန်းကအတုကြီးဒီချိန်ဆိုကိုယ်တွေကျိုင်းတုံမှာ အစစ်တွေပွင့်နေပီ လာခူးကွယ့်,negative
8170,ကချစ်စရာလေးပါကွာ,positive
8171,💝💐,positive
8172,လွန်တာပေါ့ ဇာတ်သိမ်းက ချယ်ရီ ကကျေးဇူးပါတဲ့,neutral
8173,တကယ် မိုက်တယ်,positive
8174,ဆော်လေးလှထှာကွာ🤧🤧,positive
8175,နောက်ဆုံးကပုံက ရည်းစားအစစ်နဲ့လားးး😮,positive
8176,ပေးချင်တဲ့ က မြေပြန့်သားတွေကို မယုံကြပါနဲ့ ချယ်ရီတို့တဲ့,neutral
8177,အိုး စောင့်နေတာကြာပြီဗျာ,positive
8178,မကြိုက်ဘူး ပြန်ရိုက်ပေး,neutral
8179,စောင့်နေတာ 💞,positive
8180,🌸🌸,positive
8181,သီချင်းက နဲ့မှပိုမိုက်သွားသလို,positive
8182,အကုန်မိုက်တယ် နောက်ဆုံးကျမှ ဗမာကားအကွက်ကြီး ဖမ်းသွားတယ် အချစ်သီချင်းကို ဘာလို့မပေါင်းပေးတာလဲ,positive
8185,တောင်ပေါ်မြို့သူလေး,neutral
8186,မမမြတ်က ရှယ်လှနေရော် 🌸ကလေးအမေလို့ကို မထင်ရဘူး။,positive
8187,🍷🍷🍷🍷🎉,positive
8190,အောင်ရဲလင်းထင်နေတာ တော်သေး ကြီးဖြစ်နေတာ,neutral
8191,မြေပြန့်သားက ချယ်ရီပန်းကိုပလေးသွားတာ,neutral
8192,မိုက်တယ်🎉,positive
8194,သဘောကျလိုက်တာ😭🌸,positive
8195,မိုက်လွန်းပါတယ် ဘဲကြီးရာ,positive
8196,မြေပြန့်သားကွာ ချယ်ရီပန်းလေးကိုထားခဲ့တယ်😢,negative
8198,ချယ်ရီကိုထားခဲ့ရက်တယ်ပေါ့ အိုကေနော်,positive
8199,ဟာ စောင့်နေတာကြာပြီ ဘဲကြီးရာ😭😭😭,positive
8200,အချစ်ဆိုတာ ကွေကွင်းခြင်းပါ😢😢😢😢,negative
8202,ချယ်ရီကိုမမြင်ဖူးသလို သူမအချစ်ကိုလည်း မမြင်ခဲ့ဖူးဘူး😢😢😢,negative
8203,ကလေးအမေကလှလိုက်တာ,positive
8204,ဘဲရီးရက်စက်တယ်ဗျာ😢,negative
8205,လှလိုက်တဲ့တို့ရှမ်းပြည်နဲ့ ရှမ်းမလေး,neutral
8206,စောင့်နေတဲ့သူမှာကျမျှော်နေရပြီး ထွက်သွားတဲ့သူမှာကျ နောက်တစ်ယောက်နဲ့ဇာတ်သိမ်း,negative
8207,မြတ်ကြောင့်သီချင်းလေးပိုလှတယ်,positive
8209,အားပေးနေပါတယ်🎉,positive
8210,ကိုအာဘွိုင်းမိန်းမ မလား,neutral
8211,ကလေးအမေလို့ကိုမထင်ရဘူး,positive
8212,ချယ်ရီပန်းကို ချစ်တယ်😢,negative
8214,မမမြတ်က တကယ်ချစ်စရာလေး🤢,positive
8215,ချစ်တာက တစ်ယောက် ယူသွားတာက တစ်ယောက် 😂😂,positive
8216,ဘာလဲကွာ ကြီးက,neutral
8217,မင်းသမီးရွေးတတ်တယ် မမြတ်ရတနာကျော်နဲ့ ကွတ်တိပဲ,positive
8218,ငလူးမ လိမို့ ဖောက်ပြန်တာလား,neutral
8219,စောင့်နေရတာ တန်သွားပြီ🎉 ညအလင်း လုပ်ပါအုန်း,positive
8220,ဟယ် မဟုတ်သေးပါဘူး အဲ့လိုကြီးတော့ဇာတ်မသိမ်းနဲ့လေ😭,negative
8221,ချယ်ရီရဲ့သီချင်းတွေအများကြီးပဲဒါပေမယ့်ဒီသီချင်းကအထိဆုံးပဲ,positive
8222,😭🤌🏾,positive
8223,က ရှယ်ဗျာ,positive
8224,ချယ်ရီလေးသနားပါတယ် 😢,negative
8225,မိုက်မယ်ဆိုတာ သိပြီးသားပါ ဘဲကြီးရာ 🧎🏻🔥,positive
8226,ရှယ်ကြွေ,positive
8227,သွားကြီးဖြီးပြီးကြည့်နေရတယ်ဟယ် အရမ်းကြိုက်တာပဲ မမြတ်ကသေအောင်လှတယ်🥹,positive
8228,မောင်သွားတော့မယ်ဆို အာဘွားလေးတော့ပေးသင့်တယ်လေ ကိုကြီးရယ်🥹,positive
8229,ကိုရီး လုံး၀ ကြိုက်တယ် ဗျာ 🥺🥰🥰🥰,positive
8230,သီချင်းလေးလဲမိုက် ရှု့ခင်းကလဲရှယ်လှ မမမြတ်ကတော့အလှဆုံးပေါ့,positive
8231,သီချင်းလေးရော ချယ်ရီပန်းလေးရောချစ်စရာလေးဗျာ💟,positive
8232,တခါတလေတော့သတိရမိတယ်အရင်ကအချိန်တွေကို,negative
8233,တကယ်ကြွေပြီးတကယ်ကြိုက်တယ် တော့ ကာတယ်လို့ထင်မိ့တယ်😢,positive
8234,သရုပ်ဆောင်လေး ကြည့်ပြီးမျောသွားတာပဲ နောက်ဆုံးခန်းလေးမှာ မျှော်နေသူလေး😢,positive
8236,ခလေးအမေနဲ့,neutral
8237,မိုက်တယ်ကကျွတ်ထွက်နေတာ,positive
8238,နောက်တီးလုံးကမိုက်,negative
8239,နှုတ်ခမ်းမွှေးကြီးနဲ့ပြုံးတာကြီးကလွန်တာပေါ့😂😂,positive
8240,တောင်ပေါ်သားေလးရဲ့အချစ်,positive
8241,အမလေး ကြိုက်လိုက်တာ ကိုဂျေကြီးရဲ့,positive
8243,နောက်ကျသွားပြီကွာ,negative
8244,လေးသနားပါတယ် အဲ့ကြောင့်မြေပြန့်သားတွေမကြိုက်တာ😞,neutral
8245,လီးဝောင်မဆိုဘူး,negative
8246,ကြီးကရက်စက်,negative
8247,နောက်ဆုံးအမှတ်တရတွေနဲ့မဆုံဖစ်တော့တဲ့ချယ်ရီမြေက သူမကို လွမ်းမိတယ်,negative
8248,မှာနှလုံးသားလေးနာကျင်သွားပြီ,negative
8250,ဒီ လေးထွက်ဖို့စောင့်နေတာ,positive
8251,မြူနှင်းလေးများရဲ့ အထဲ ဒီပန်းလေးလှနေတယ်🎶🎶🎶,positive
8252,ချယ်ရီပန်းက မွှေးလို့လား,neutral
8253,🎉🎉 🎉🎉,positive
8255,အရမ်းကြိုက်သွားပြီ ဒါပေမယ့်ချယ်ရီမမလေးသနားပါတယ်😢,positive
8257,မသီရိကိုချစ်တယ်😢,negative
8258,ပန်းလေးက ချစ်စရာလေးဗျ,positive
8259,ကလေးနှစ်ယောက်မိခင်က လှလွန်းပါတယ်ကွာ,negative
8260,သိပ်ကြိုက်သွားပြီ,positive
8261,ကြိုက့တယ်ဗျာ,positive
8262,ရှယ်ကြိုက်တယ်ဗျာ,positive
8263,ကြီးကဗျာ 😿,neutral
8264,လုံးဝပြည့်စုံနေရောဗျာ သီချင်းရော ကော🥰,positive
8265,တောင်ပေါ်သူလေးက စောင့်နေတာကို အကျင့်မကောင်းဘူး 😞,negative
8266,မိုက်ပြီးမိုက်ပြီး,positive
8267,ချယ်ရီကိုသဘောကျနေပြီ,positive
8269,အညာသားရုပ်နဲ့ မင်းသားက 😂😂😂😂😂,positive
8270,ပြုံးကြည့်နေရပိဟေ့,neutral
8271,အတော်ဆုံး,positive
8272,ဒီသီချင်းစထွက်တည်းထဲက ရှမ်းမလေးတေကို ရည်းစားတော်ချင်လာတယ်🥲,positive
8273,အဲ့လိုတောင်ပေါ်သူလေးနဲ့တော့တွဲဖူးချင်တယ်,neutral
8274,အသေကြိုက်,positive
8278,အဲဒါကြောင့် မြေပြန့်သားတွေ မယုံရတာပေါ့ 😢,negative
8279,နောက်ဆုံးပိုင်းကဘယ်လိုဖြစ်သွားတာတုန်းဗျို့ ပေါင်းခွင့်ရသွားတာလား နောက်တစ်ယောက်ရသွားတာလားးး,negative
8280,တကယ်မိုက်တယ်ဟ,positive
8283,ကောင်မလေးနဲ့ တခုလောက် လုပ်ပါ အမှတ်တရရှိရအောင်လို့,positive
8284,တွေပဲ ကြိုက်တယ် 😅😅😅,positive
8285,ဘဲကြီးမိုက်နေပြီ,positive
8289,ဟဲ့ ဘယ်လိုကြီးလဲ,neutral
8290,မောင်သန်းးအေးး သားးအငယ်က။ ကားးမပြင်တက်ဖူးးလားး,neutral
8291,ပါပဲဗျာ🖤,positive
8292,ကြိုက်တယ်ဗျာ😊,positive
8293,မျှော်နေတာဗျာ😊,positive
8295,သူ့စော် သူ ထည့် ပြီး ဒီဘဲ ဘာ တုန်း ဟ,neutral
8296,ရှမ်းမလေးလိုချင်သွားတယ်,negative
8297,ကလေးအမေနော်,neutral
8298,ဟာနောက်ဆုံးမာဘူနက်ရသွားတာ,neutral
8301,တို့တောင်ပေါ်သူလေးကိုအိမ်မက်တွေပေးသွားတာပေါ့,negative
8302,တစ်စုံတစ်ယောက်ကိုမျှော်နေတုန်းလား,positive
8303,ချစ်စရာလေး🎉,positive
8305,လေးကချစ်စရာလေး,positive
8306,ချစ်လိုက်တာနှစ်ရောက်လုံး အရမ်းကြိုက်သောဘဲ,positive
8307,အရင်ကကြိုက်ခဲရသော မိန်းမပျိုလေးနဲ့,neutral
8309,စောင့်နေတာ သူအမျိုးသမီးလေးကိုတော့ မထည့်မှာစိတ်တွေပူနေတာနောက်ဆံုးမှာပါလေရ့ဲ😍😍,positive
8311,အဆုံးသတ်လေးလှရင်ပြိမိုက်မှည😢,negative
8312,ရေ အမှတ်တရပါ,positive
8313,ကိုယ်တွေကလောကိုလာရိုက်ထားတာ😁💗,positive
8314,ကြိုက်လိုက်တာ🌸,positive
8315,တီးခတ်ခွင့်ရခဲ့တဲ့ ကအလှပဆုံး ပန်းတစ်ပွင့်ဖြစ်သွားပြီဗျာ 💜🌸,negative
8316,နောက်ဆုံးက မမနိုးနိုးမလား,neutral
8317,ကျေးဇူး,neutral
8318,သဘောတေကျလိုက်တာယောက်လုံးချစ်စရာလေး,positive
8320,စောင့်နေတာ မနက်ကတည်းက,positive
8322,မိုက်နေပြီ,positive
8323,စောင့်နေတာနှစ်ေယာက်လုံးချစ်စရာလေးတွေ သီချင်းလေးကလည်းအရမ်းကောင်း,positive
8324,ကျွတ်ဆင်ကြီး,positive
8325,တောင်ပေါ်ကကုလားမလေးကိုချစ်တယ်,neutral
8327,အမ အဝတ်စားဖက်ရှင်လေး လှတယ်ဗျာ လိုက်ဖက်တယ် အမည်းလေး,positive
8329,မချယ်ရီရေ,neutral
8330,ကြိုက်နေရောပဲ🌸🌸🌸,positive
8331,ခုပဲကတွေ့လြိ့လာတာ 😶,positive
8332,ဘဲကြီးကမိမိုက်နေတာကွာ,positive
8333,နောက်ဆုံ ဓါတ်ပုံက အသက်ဟေ့ ပါးချိုင့်လေးလက်ထဲ ပါသွားပါရော 😂,neutral
8336,ထင်ခဲ့တာဗျာ,negative
8337,မျှော်နေတာလေး😘,positive
8338,ရှမ်းမလေး ကို ရှမ်းစကားနဲ့ ဒစ်ပြပါလား ကိုကြီး😂,neutral
8340,ဒီမြေပြန့်သားလေးကိုတော့ အိတ်ကပ်ထဲထည့်ခေါ်သွားချင်တယ်😭🌸🖤,positive
8342,အဆုံးသတ်ကြီးကလဲ🙄,positive
8344,မိုက်တယ် 💗,positive
8345,စောင့်နေတာ🤎,positive
8347,ကောင်မလေးကို မထားခဲ့ပါနဲ့😢😢,negative
8348,🌸💔,positive
8349,တအားလွှတ်ကြိုက်,positive
8350,ကြိုက်တယ် ကိုကို🤭သီချင်းက မိုက်ပြီးသားကပါထပ်မိမိုက်နေရော🎉,positive
8351,တော်ပါသေးတယ်စောင့်နေတာ,positive
8352,မျှော်နေတာလေး🎀🌸,positive
8354,👍🏻,positive
8355,တွေ့သားနဲ့ကိုခုမှကြည့်ဖြစ် မိုက်တယ် ဗျာရှယ်ပဲ 🎉🎉🎉,positive
8356,ထွက်တာတော့တကယ်ဖြစ်သွားတာ😭,negative
8357,သီချင်းကလဲ ကြိုက် ကလဲ မိုက်😅😅,positive
8358,အဲ့တာဘယ်နေရာလည်းဗျာ့ ကျွန်တော်လည်း ရောက်ဖူးခြင်လို့ဗျာ အဲ့လိုသာယာတဲ့နေရာလေး တစ်ခေါက်လောက်ဖြစ်ရောက်ဖူးခြင်တယ်ဗျာ,neutral
8359,အကို ဆိုသမျှသီချင်းတိုင်းနီးပါး ပေါက်တယ်နော် အားပေးနေပါတယ်ဗျ,positive
8361,မှာသီချင်းနားထောင်နေရင်းစောင့်နေတာ ဒီဘက်မှာအရင်တင်ပေးလို့ကျေးဇူးပါ😁,positive
8364,မိုက်တယ်ဗျာ က,positive
8365,အလုပ်ကအပြန် အမောပြေပီဗျာ ရှယ်ပဲ ကိုဂျေ 🌸🤎,positive
8367,ဘဲကြီး ချစ်တယ်🎉,positive
8369,ကြိုက်တယ်ရော,positive
8370,ချစ်လိုက်တာကိုကိုရာ😭💕,positive
8371,စောင့်နေတာလေး🎉,positive
8372,ကို သီချင်းတွေကို ကတည်းကထွက်သမျှအကုန်ကြိုက်,positive
8373,မြေပြန့်သားက ကားနဲ့လာပြီးရထားနဲ့ပြန်တာကားလစ်သွားပြီလား😅,neutral
8374,တွင်လာကြည့်သွားသည်🎉,positive
8375,ချယ်ရီ,positive
8376,စောင့်နေတာလေး🎉,positive
8377,ဘယ်ချိန်တင်မှာလဲ ခဏခဏတက်ကြည့်နေရတာ ရေ,neutral
8378,သီချင်းလေးရော ရောမိုက်တယ်,positive
8379,ကြိုက်တယ်ဗျာ ဒါစောင့်နေတာ အတော်ကြာပြီ ဒါနဲ့ ကို အတော်မိုက်တယ်နော်,positive
8382,ကြိုက်တယ်သီချငိးရောသရုပ်ဆောင်ရော,positive
8388,ကြိုက်တယ်ဗျို့ ကို,positive
8391,စောင့်နေရတာဗျာ😢,positive
8392,ဂွတ်ကြီးပါကွာ,neutral
8393,မိုက်တယ်ဝေးးး,positive
8394,ဝိုဟိုးး,neutral
8395,🏻💗🌸,positive
8396,🌝🤍,positive
8398,ကြိုက်တယ် ဗျာ့,positive
8403,ပါဘဲကြီးရေ😭🙏🏿,positive
8405,🌸စောင့်နေတာဗျာ,positive
8407,မျှော်နေတာလေးးး🎉,positive
8408,နောက်ဆုံး အဆုံးသတ် နှလုံးသားများ နေရာမှာ သုံးယောက်အတူတူတစ်ပြိုင်ထဲဆိုရင် ပိုမိုက်သွားမလားမသိ,neutral
8409,ကိုကိုအသံကြီးကကောင်းလွန်းပါတယ်ကွာအရမ်းကြိုက်နေပြီ,positive
8410,ဘယ်လောက်ဘဲချစ်ချစ်ကျနိခဲ့ရ,neutral
8411,ကျေးဇူးတင်ပါတယ် 💐,positive
8412,တချို့အချစ်တွေကမဆုံဆည်းဖြစ်ခဲ့ကြပေမယ့်မချစ်ခဲ့ကြတာလည်း မဟုတ်သလိုမချစ်ကြတော့တာလည်း မဟုတ်ပါဘူးဒီတိုင်းလေးပဲ တစ်ယောက်ရင်ထဲမှာ တစ်ယောက်တိတ်တိတ်လေး ထာဝရရှင်သန်သွားတော့တာပါပဲဂျူးဆုံလေရက်နဲ့လွမ်းလေခြင်း,negative
8413,တစ်ယောက်ထဲ ခွဲတောင် ငိုရတာဟယ် အခုကျ ၃ယောက်ပေါင်း အသည်းကွဲသီချင်းဆိုတာနော် ။ သူတို့အိ ပရိသတ်တွေအပေါ် ထားသည့်စေတနာပေါ့ ၊ ရတယ် ဟျောင့်တို့ ငိုပြမယ် ။ 😡🖐,positive
8415,မျှော်လင့်တိုင်းမဖြစ်တာ အချစ်လား ကံတရားလား🍀,neutral
8416,သူတို့ကသုံးယောက်ပေါင်းကျမတို့ကငို,neutral
8417,၂ဦး၂ဖက်ကသာ တဂယ်ချစ်ခဲ့ကြရင် အဆင်မပြေမှုတေ အကုန် ပြန်လည်ဖြည့်စွက်ပြီး ရှေ့ဆက်လို့ရတယ် ဘာလို့ ချစ်တယ်ဆိုတဲ့စကားကို တဘဝလုံးအတွက်မဟုတ်ဘဲ ပြောခဲ့ကြတာလဲ ငါတို့ဟာ ဆုံဆည်းခွင့်ပဲရှိပီး ပေါင်းဖက်ဖို့ကြ ဖစ်မလာနိုင်တော့ဘူးလားအချစ်ရေ မင်းကိုအပြစ်မတင်ရက်ဘူး ကံတရားကိုပဲ အပြစ်တင်မယ်,negative
8418,ကြိုက်လိုက်တာ ရာသီဥတုကအေးအေးနဲ့ဆွေးနေရပီ😢,negative
8419,ရည်းစားက မရှိပဲအသည်းကကွဲပြန်ပြီ😢,negative
8420,ကိုမင်္ဂလာပါဆိုင်မှာ မျက်နှာချင်းဆိုင်တွေ့ခဲ့ရလို့ ရင်ခုန်မိသော အမြဲအားပေးနေပါတယ်နော် တွေ့တုန်း နှုတ်ဆက်ချင်မိခဲ့ပါတယ် က မို့ ကိုတွေ့ချင်တဲ့သူနဲ့တွေ့ခွင့် ပေးတာလေး ကံတရားကိုလည်း ကျေးဇူးတင်မိတယ်,negative
8421,ဘဲရီးကို ကြိုက်လို့သာ ဒီသီချင်းကိုနားထောင်တာ တကယ်ဆို ကောင်မလေးက သဲသဲလှုပ်ချစ်တာ 👾,positive
8422,အသဲကွဲခြင်းရသအပြည့်ခံစားရပါတယ် နာကျင်လိုက်တာ ကအရမ်းပြည့်စုံပါတယ်🤍🤍,positive
8423,အသည်းကွဲတဲ့ရက်နဲ့ သီချင်း ထွက်တဲ့ရက်က ကွက်တိ😊,positive
8424,ရှယ် ဗျာ 🔥,positive
8425,ရှေ့ဆက်ဖို့မဖြစ်နိုင်တော့လို့ ငါနင့်ကိုထားခဲ့လိုက်တယ် မမအနာတွေလဲကျက်လောက်ပြီထင်ပါတယ်ပြန်မလိုချင်ပေမဲ့ တခါတလေတော့ ငါနင့်ကိုသတိရတယ်,negative
8426,စိတ်နာစရာတေဘယ်လောက်ရှိမမုန်းနိုင်တာလဲဝဋ်တမျိုးပဲ။,negative
8427,သဘောကျရပြန်ပြီ🤍,positive
8428,အရမ်းကောင်းတဲ့ ဖန်တီးမှုပဲဗျို့ တွေလည်းနားထောင်ကောင်း မှာအားယူထားတာလည်းကောင်းချက် ကို ၃ယောက်သေချာလေးခွဲဆိုသွားတာကလည်းအနှစ်ဗျာ တွေလည်းပြောစရာကိုမလိုပါဖူးဗျာ မှာလဲ ညစ်ပေခဲ့သော လေးကို ၃ယောက် ၃ကြောင်းဆိုသွားတာလေးကတော့ အဆုံးထိကောင်းနေယောပဲ ဒီလို တွေထဲကတယောက်ယောက်နဲ့ သီချင်းလေးတွဲလုပ်ခွင့်ရရင်သေပျော်ပါပြီဗျာ လောက်ဆိုရရင်ကိုကျေနပ်လှပါပီဗျာ အိမ်မက်ပါပဲဗျာ,positive
8429,ထွက်တဲ့ သီချင်းတိုင်းကောင်းတယ် 😊🎉,positive
8430,မျက်ရည်ဝိုင်းပါဗျာ,positive
8432,သီချင်းတွေကလဲ😭,positive
8433,တကယ်ဝေးခဲ့တာ လေးနှစ်တောင်ရှိသွားပီ 😅 ကလျာရယ်,negative
8434,လူတိုင်းက ဝေးကြဖို့အတွက် ချစ်ခဲ့ကြတာပါပဲ,negative
8436,ကျွန်တော်လဲအခုလေးတင်ပြတ်တာ,neutral
8438,ငါတို့မျှော်လင့်ခဲ့သလိုသက်ဆုံးတိုင်ချစ်ခဲ့ရမှာမိုးစက်ရယ်,negative
8439,တစ်ယောက်ချင်းစီခွဲငိုစရာမလိုတော့ဘူး ပေါင်းငိုယုံပဲ😢,negative
8440,😢ကြိုက်တယ်,positive
8441,တကယ်ဆရာကြီးသုံးယောက်ကပေါင်းဆိုတော့ငါတို့ကရှယ်ကွဲကျတာပေါ့🥹,positive
8442,သီချင်းအသစ်တွေအရမ်းထွက်နေသလိုပဲ,positive
8443,ကိုယ်တို့ဒီလောက်ပဲကံပါလို့အဆုံးသတ်ခဲ့ရတာပါယွန်းရယ် အသစ်ရှာသွားပြီးထားခဲ့တာတောင် မုန်းမရနိုင်ခဲ့တဲ့ထိ ချစ်ခဲ့တာပါ မင်းဘဝလေးနဲ့မင်းပျော်ပါစေတော့,negative
8444,နဲ့ တို့ ပီးရင် တို့သုံးယောက် ပဲ,neutral
8445,ဒီ ကိုတော့အကြိုက်ဆုံးပဲ,positive
8446,😅😅😅😅,positive
8447,ဒီသီချင်းက ရုပ်ရှင်တေးသီချင်းဖြစ်ရလိုက်မယ်,positive
8448,ခုဖစ်တာနဲ့တထပ်ထဲရယ်😅💔,negative
8449,လမ်းခွဲခြင်းကိုအကောင်းဘက်ကမြင်ကြည့်မယ် ဘုရားဟောသလိုပဲ ဘယ်အရာမှမမြဲတဲ့အနိစ္စတဲ့ အကယ်၍မင်းနဲ့လက်တွဲသွားရမယ်ဆိုရင်တောင်မှ သေခြင်းတရားနဲ့ပြန်ခွဲရမှာ။အခုလို ခွဲလိုက်ရတော့ မင်းရဲ့သေခြင်းတရားကိုရင်ဆိုင်နေတဲ့ပုံကို ကိုယ်ထိုင်ကြည့်နေစရာမလိုတော့ဘူး။ မင်းလည်းကောင်းကောင်းမွန်မွန်၊ကိုယ်လည်းကောင်းကောင်းမွန်မွန် အခြေအနေနဲ့ခွဲရတာမို့ ကိုယ့်အသိထဲမှာ မင်းကအမြဲတမ်းအဆင်ပြေနေတယ်လို့ပဲမှတ်ယူသွားတော့မယ်။,negative
8450,သီချင်းကလဲမကောင်းပါဘူးဗျာ ရင်ထဲ 💔😢,negative
8451,နားလေးမှာ လေးတော်တော်ကျက်သီးထ,positive
8453,ပိုနားထောင်လေ ပိုထိလေပဲဟ,neutral
8454,ရိုး သတ်လည်းသေပါတယ်ဗျာ ခင်ဗျားသီချင်းတွေက မဟုတ်တော့ဖူး ကြေကွဲရပါတယ်ဗျာ 😢,negative
8456,မကောင်းဘူးဗျာ,neutral
8457,အကြိုက်ဆုံးသုံးယောက်ဆိုတာ ပြောစရာကိုမလိုတော့ဘူး,neutral
8459,🎉🎉🎉 🎉🎉🎉,positive
8460,တကယ်ကောင်းတဲ့ ပါဘဲဗျာ,positive
8461,ညစ်ပေခဲ့သောနှလုံးသားများ နောက်ဆုံးအဖြစ် နှုတ်ဆက်ကြမယ့်အခိုက် အပြုံးလေးတွေ အရင်အတိုင်း မလန်းဆန်းနိုင် အုံ့မှိုင်း တစ်ချက်တစ်ချက် မျက်ရည်ဝိုင်း ဘယ်အချိန်တွေက စခဲ့တယ် ဘယ်သူကအမြဲ မှားခဲ့တယ် အချိန်တန်တော့ ထားခဲ့မယ် အဖြေရှာလို့ မရခဲ့လည်း တော်ပြီကွယ် ပင်ပန်းတယ် ပျော်ရွှင်ခဲ့ရသမျှ မှတ်ထားပါဒဏ်ရာများစွာရခဲ့လည်း အနာကျက်သွားမှာ မျှော်လင့်တိုင်း မဖြစ်တာ အချစ်လား ကံတရားလား ကြိုတင်တားမရတဲ့ အနိစ္စတရား သဘာဝများကြား ညစ်ပေခဲ့သော နှလုံးသားများ ဆုံတွေ့လိုက် ပြန်လည်ထွက်သွားလိုက် သတိရလိုက် အကုန်မေ့ဖို့ကြိုးစားကြည့်နေလိုက် ငိုသံနဲ့အစပြုတယ်ငိုစရာနဲ့အဆုံးသတ်မယ်ရှင်သန်ခြင်းရဲ့ အဓိပ္ပါယ်အချိန်ကပဲ ဆုံးဖြတ်ခဲ့တော်ပြီပဲ ပင်ပန်းတယ် ပျော်ရွှင်ခဲ့ရသမျှ မှတ်ထားပါဒဏ်ရာများစွာရခဲ့လည်း အနာကျက်သွားမှာ မျှော်လင့်တိုင်း မဖြစ်တာ အချစ်လား ကံတရားလား ကြိုတင်တားမရတဲ့ အနိစ္စတရား သဘာဝများကြား ညစ်ပေခဲ့သော နှလုံးသားများ ဘယ်အချိန်တွေက စခဲ့တယ် ဘယ်သူကအမြဲ မှားခဲ့တယ် အချိန်တန်တော့ ထားခဲ့မယ် အဖြေရှာလို့ မရခဲ့လည်း တော်ပြီကွယ် ပင်ပန်းတယ် ပျော်ရွှင်ခဲ့ရသမျှ မှတ်ထားပါဒဏ်ရာများစွာရခဲ့လည်း အနာကျက်သွားမှာ မျှော်လင့်တိုင်း မဖြစ်တာ အချစ်လား ကံတရားလား ကြိုတင်တားမရတဲ့ အနိစ္စတရား သဘာဝများကြား ညစ်ပေခဲ့သော နှလုံးသားများ ညစ်ပေခဲ့သော ညစ်ပေခဲ့သော ညစ်ပေခဲ့သော နှလုံးသားများ ညစ်ပေခဲ့သောနှလုံးသားများ,negative
8464,ဆုံတွေ့လိုက် ပြန်လည်ထွက်သွားလိုက် သတိရလိုက် အကုန်မေ့ဖို့ ကြိုးစားကြိနေလိုက် 🖤🖤,positive
8465,ဆရာကြီးသုံးယောက်ပေါင်းစပ်တော့ တစ်ပုဒ်ဖြစ်သွားတာပေါ့ဗျာ😭,negative
8467,ကို ဘက်ရော လာနားထောင်ပြီဗျာ,positive
8468,ဘလိုသီချင်းကြီးလဲကွာ မျက်ရည်တေပါဝိုင်းလာတယ်😢,negative
8469,ဆီ မန့်တာအားမရလို့,positive
8470,မျှော်လင့်တိုင်းမဖြစ်တာ ဒါအချစ်လားကံတရားလား ငိုသံနဲ့အစပြုတယ် ငိုသံနဲ့ပဲအဆုံးသတ်သွားခဲ့တယ် ၁၅နှစ်ကြာပြီးမှလူတယောက်ထဲအတွက်ပဲ အကြီးကြီးမဟုတ်ပေမဲ့ 🎉,neutral
8471,နှစ်ယောက်ချင်းတွဲပြီး အသည်းပတ်ခွဲတာအားမရလို့ သံုးယောက်ပေါင်းပြီးခွဲတယ်ပေါ့ ရတယ် ငါတို့ ဆောင်းတွင်းကြီးငိုပေးမယ်,negative
8472,သုံးယောက်လုံး မိုက်တယ် 💔,positive
8473,သုံးယောက် ပေါင်းတော့ ဂေါ်နေတာ တစ်ယောက် တစ်ကြောင်း နဲ့ က အစ ရှယ်ဘံ 🎉🎉🎉,positive
8474,တိုက်ဆိုင်လိုက်တာများကွာ,positive
8475,အိုအောင်မင်းအောင်ငါတို့တကယ်ဝေးသွားပါပီ ပျော်ရွှင်ခဲ့ရသမျှကိုမှတ်ထားပေးပါ ငါ့ရဲ့လူပျိုပေါက်စလေး💛,negative
8476,လက်ရှိခံစားချက်အတိုင်း ကွက်တိ,positive
8477,ကြိုက်လိုက်တာအကိုတို့ရယ်😭🤍,positive
8480,ရေးတာ,positive
8482,ခုလေးတင် ကောင်မလေးနဲ့ ပျက်သွားတာ 🥺,positive
8483,မကောင်းဘူးသီချင်းက,neutral
8484,ခုလက်ရှိ ခံစားကတော့မဲ့ အခိုက်တန့်မာ ဒီသီချင်းက အဆုံးသတ်ြဖစ်သွားတာကွာ ငါပဲတောင်းပန်ပါတရ် ဟာ😢😢😢,negative
8485,ပေါင်းပြီးတော့ထုတ်တော့တစ်ခါတည်းစု့ပြီးငိုလိုရတာပေါ့နော်,negative
8487,မိုက်🎉🎉🎉တစ်မျိုးလေးကောင်းနေတာ🎉🎉🎉,positive
8488,ဒီဘဲအနှစ်တေဆိုနေတော့ ငိုရတာပေါ့😞,negative
8489,စောင့်နေတာပါဗျာ ဒီလို🎉,positive
8490,ဒီထက်မကအောင်မြင်ကြပြီး လူတွေရဲ့ရင်ထဲကို ခံစားပေးတက်လို့ ကျေးဇူးပါ ဘရားသားတို့🎁🎉,positive
8491,ကြိုက်ပြန်ပြီ,positive
8492,မာမျော်နေမယ်ဗျာ,positive
8493,ငိုနေပါပီလို့🥲,positive
8496,အသက်ကြီးလာလေလေ စာသားတွေ ပိုခံစားတတ်လာပီး ပိုင်ဆိုင်ခဲ့ဖူးတဲ့သူတစ်ယောက်က ခေါင်းထဲပေါ်ပေါ်လာတော့တယ်ဗျာ🙁,negative
8498,တင်စားခြင်းများစွာနဲ့ အမှန်တရားများ😢,negative
8499,လေးလာပြီကွ😍,positive
8500,သုံးယောက်လုံးပေါင်းလိုက်တော့ ရှယ်ပေါ့,positive
8501,ဘဲကြီးတို့သီချင်းစာသာရေး ပုံတွေမကောင်းဘူးနော်ရင်ထဲ,neutral
8504,ပထမ,neutral
8505,သီချင်းတွေကရှယ် 🎉,positive
8507,ဖက်,neutral
8509,ဖက်စ်,neutral